"checkings","duration","credit_history","purpose","amount","savings","employment_duration","installment_rate","personal_status_sex","other_debtors","present_residence","property","age","other_installment_plans","housing","number_credits","job","people_liable","telephone","foreign_worker","credit_risk"
"1",18,"4","car_used",1049,"1","2","4","2","1","4","2",21,"3","1","1","3","2","1","2",0
"1",9,"4","other",2799,"1","3","2","3","1","2","1",36,"3","1","2_to_3","3","1","1","2",0
"1",12,"4","other",2122,"1","3","3","3","1","2","1",39,"3","1","2_to_3","2","1","1","1",0
"1",12,"4","other",2171,"1","3","4","3","1","4","2",38,"1","2","2_to_3","2","2","1","1",0
"1",10,"4","other",2241,"1","2","1","3","1","3","1",48,"3","1","2_to_3","2","1","1","1",0
"1",6,"4","other",1361,"1","2","2","3","1","4","1",40,"3","2","1","2","1","1","1",0
"4",18,"4","furniture_equipment",1098,"1","1","4","2","1","4","3",65,"3","2","2_to_3","1","2","1","2",0
"1",11,"4","other",3905,"1","3","2","3","1","2","1",36,"3","1","2_to_3","3","1","1","2",0
"1",30,"4","car_new",6187,"2","4","1","4","1","4","3",24,"3","1","2_to_3","3","2","1","2",0
"1",6,"2","furniture_equipment",2647,"3","3","2","3","1","3","1",44,"3","1","1","3","1","1","2",0
"1",11,"4","other",3939,"1","3","1","3","1","2","1",40,"3","2","2_to_3","2","1","1","2",0
"2",36,"4","furniture_equipment",2337,"1","5","4","3","1","4","1",36,"3","2","1","3","2","1","2",0
"4",11,"4","other",7228,"1","3","1","3","1","4","2",39,"3","2","2_to_3","2","2","1","2",0
"1",6,"4","other",3676,"1","3","1","3","1","3","1",37,"3","1","4_or_more","3","1","1","2",0
"2",12,"4","other",3124,"1","2","1","3","1","3","1",49,"1","2","2_to_3","2","1","1","2",0
"2",11,"3","furniture_equipment",4771,"1","4","2","3","1","4","2",51,"3","2","1","3","2","1","2",0
"1",12,"2","car_used",652,"1","5","4","2","1","4","2",24,"3","1","1","3","2","1","2",0
"2",9,"4","furniture_equipment",1154,"1","5","2","3","1","4","1",37,"3","2","4_or_more","2","2","1","2",0
"4",15,"2","other",3556,"5","3","3","3","1","2","4",29,"3","2","1","3","2","1","2",0
"3",42,"4","car_new",4796,"1","5","4","3","1","4","4",56,"3","3","1","3","2","1","2",0
"4",36,"4","other",3535,"1","4","4","3","1","4","3",37,"3","2","2_to_3","3","2","2","2",0
"4",36,"4","other",6614,"1","5","4","3","1","4","3",34,"3","2","2_to_3","4","2","2","2",0
"4",24,"2","furniture_equipment",1376,"3","4","4","2","1","1","3",28,"3","2","1","3","2","1","2",0
"1",15,"2","other",1721,"1","2","2","3","1","3","1",36,"3","2","1","3","2","1","2",0
"1",6,"4","other",860,"1","5","1","2","1","4","4",39,"3","2","2_to_3","3","2","2","2",0
"1",24,"2","business",1755,"1","5","4","2","3","4","1",58,"3","2","1","2","2","2","2",0
"4",18,"4","other",1028,"1","3","4","2","1","3","1",36,"3","2","2_to_3","3","2","1","2",0
"2",18,"2","repairs",1239,"5","3","4","3","1","4","4",61,"3","3","1","3","2","1","2",0
"1",18,"2","other",1216,"1","2","4","2","1","3","3",23,"3","1","1","3","2","2","2",1
"4",18,"4","repairs",1864,"2","3","4","2","1","2","1",30,"3","2","2_to_3","3","2","1","2",1
"4",24,"2","other",1474,"2","2","4","4","1","3","1",33,"3","2","1","3","2","2","2",0
"1",24,"4","travel",1382,"2","4","4","3","1","1","1",26,"3","2","2_to_3","3","2","2","2",0
"4",12,"2","other",640,"1","3","4","1","1","2","1",49,"3","2","1","2","2","1","2",0
"4",9,"4","other",1224,"1","3","3","3","1","1","1",30,"3","2","2_to_3","3","2","1","2",0
"4",24,"2","car_new",6313,"5","5","3","3","1","4","3",41,"3","2","1","4","1","2","2",0
"1",12,"4","furniture_equipment",385,"1","4","4","2","1","3","1",58,"3","2","4_or_more","2","2","2","2",0
"4",12,"4","furniture_equipment",1655,"1","5","2","3","1","4","1",63,"3","2","2_to_3","2","2","2","2",0
"1",15,"2","furniture_equipment",1053,"1","2","4","4","1","2","1",27,"3","2","1","3","2","1","1",0
"4",21,"2","furniture_equipment",3160,"5","5","4","3","1","3","2",41,"3","2","1","3","2","2","2",0
"4",12,"4","other",1163,"3","3","4","3","1","4","1",44,"3","2","1","3","2","2","2",0
"4",24,"2","car_new",2679,"1","2","4","2","1","1","4",29,"3","2","1","4","2","2","2",0
"4",48,"4","furniture_equipment",3578,"5","5","4","3","1","1","1",47,"3","2","1","3","2","2","2",0
"1",12,"3","other",1344,"1","3","4","3","1","2","1",43,"3","2","2_to_3","2","1","1","2",0
"4",6,"4","furniture_equipment",1237,"2","3","1","2","1","1","2",27,"3","2","2_to_3","3","2","1","2",0
"4",12,"2","furniture_equipment",3077,"1","3","2","3","1","4","3",52,"3","2","1","3","2","2","2",0
"4",24,"2","furniture_equipment",2284,"1","4","4","3","1","2","3",28,"3","2","1","3","2","2","2",0
"2",12,"2","furniture_equipment",1567,"1","3","1","2","1","1","3",22,"3","2","1","3","2","2","2",0
"4",24,"3","other",2032,"1","5","4","3","1","4","4",60,"3","3","2_to_3","3","2","2","2",0
"4",36,"2","furniture_equipment",2299,"3","5","4","3","1","4","3",39,"3","2","1","3","2","1","2",0
"2",9,"2","car_used",2030,"5","4","2","3","1","1","3",24,"3","2","1","3","2","2","2",0
"1",21,"4","other",1602,"1","5","4","4","1","3","3",30,"3","2","2_to_3","3","2","2","2",0
"4",15,"2","furniture_equipment",1979,"5","5","4","3","1","2","3",35,"3","2","1","3","2","1","2",0
"4",24,"4","other",2022,"1","3","4","2","1","4","3",37,"3","2","1","3","2","2","2",0
"4",36,"4","furniture_equipment",3342,"5","5","4","3","1","2","3",51,"3","2","1","3","2","2","2",0
"2",18,"2","other",5866,"2","3","2","3","1","2","3",30,"3","2","2_to_3","3","2","2","2",0
"4",36,"3","furniture_equipment",4454,"1","3","4","2","1","4","1",34,"3","2","2_to_3","3","2","1","2",0
"2",12,"4","other",1995,"2","2","4","3","1","1","3",27,"3","2","1","3","2","1","2",0
"2",30,"2","furniture_equipment",2991,"5","5","2","2","1","4","3",25,"3","2","1","3","2","1","2",0
"2",30,"0","travel",4221,"1","3","2","2","1","1","3",28,"3","2","2_to_3","3","2","1","2",0
"2",18,"4","car_used",6361,"1","5","2","3","1","1","4",41,"3","2","1","3","2","2","2",0
"2",12,"4","furniture_equipment",3573,"1","3","1","2","1","1","1",23,"3","2","1","2","2","1","2",0
"2",36,"3","travel",4455,"1","3","2","1","1","2","1",30,"2","2","2_to_3","4","2","2","2",1
"1",9,"2","car_used",2136,"1","3","3","3","1","2","1",25,"3","2","1","3","2","1","2",0
"2",42,"4","travel",5954,"1","4","2","2","1","1","1",41,"1","2","2_to_3","2","2","1","2",0
"4",24,"4","car_used",3777,"4","3","4","3","1","4","1",40,"3","2","1","3","2","2","2",0
"1",15,"2","travel",806,"1","3","4","2","1","4","2",22,"3","2","1","2","2","1","2",0
"2",24,"3","travel",4712,"5","3","4","3","1","2","2",34,"1","2","2_to_3","4","2","2","2",0
"2",36,"3","other",7432,"1","3","2","2","1","2","2",54,"3","1","1","3","2","1","2",0
"4",24,"4","furniture_equipment",1851,"1","4","4","4","3","2","3",33,"3","2","2_to_3","3","2","2","2",0
"4",24,"2","other",1393,"1","3","2","3","3","2","1",31,"3","2","1","3","2","2","2",0
"4",12,"4","travel",1412,"1","3","4","2","3","2","1",29,"3","2","2_to_3","4","2","2","2",0
"4",24,"2","furniture_equipment",1533,"1","2","4","2","1","3","3",38,"2","2","1","3","2","2","2",0
"4",12,"4","repairs",2012,"5","4","4","2","1","2","3",61,"3","2","1","3","2","1","2",0
"1",15,"2","other",3959,"1","3","3","2","1","2","2",29,"3","2","1","3","2","2","2",1
"1",6,"2","car_used",428,"1","5","2","2","1","1","2",49,"1","2","1","3","2","2","2",0
"2",12,"4","other",2366,"3","4","3","1","1","3","3",36,"3","2","1","4","2","2","2",0
"4",12,"2","car_used",763,"1","3","4","2","1","1","1",26,"3","2","1","3","2","2","2",0
"2",18,"2","other",6260,"1","4","3","3","1","3","1",28,"3","1","1","2","2","1","2",0
"2",9,"4","car_used",1919,"1","4","4","3","1","3","3",35,"3","1","1","3","2","2","2",0
"4",24,"2","car_new",2603,"4","3","2","2","1","4","3",28,"3","1","1","3","2","2","2",0
"4",24,"2","car_used",3062,"3","5","4","3","1","3","4",32,"3","1","1","3","2","2","2",0
"2",36,"2","furniture_equipment",4795,"1","2","4","2","1","1","4",30,"3","2","1","4","2","2","2",0
"4",36,"4","car_new",5842,"1","5","2","3","1","2","2",35,"3","2","2_to_3","3","1","2","2",0
"2",6,"2","furniture_equipment",2063,"1","2","4","4","1","3","3",30,"3","1","1","4","2","2","2",0
"4",15,"2","furniture_equipment",1213,"3","5","4","3","1","3","2",47,"2","2","1","3","2","2","2",0
"4",15,"2","electronics_appliances",874,"5","2","4","2","1","1","1",24,"3","2","1","3","2","1","2",0
"4",6,"2","car_used",2978,"3","3","1","3","1","2","3",32,"3","2","1","3","2","2","2",0
"3",6,"2","car_used",2116,"1","3","2","3","1","2","1",41,"3","2","1","3","2","2","2",0
"4",10,"2","other",1364,"1","3","2","2","1","4","3",64,"3","2","1","3","2","2","2",0
"4",6,"2","car_used",1543,"4","3","4","1","1","2","1",33,"3","2","1","3","2","1","2",0
"2",12,"2","other",1318,"4","5","4","3","1","4","1",54,"3","2","1","3","2","2","2",0
"1",24,"1","other",2325,"2","4","2","3","1","3","3",32,"1","2","1","3","2","1","2",0
"2",6,"4","travel",932,"5","4","1","2","1","3","2",39,"3","2","2_to_3","2","2","1","2",0
"3",24,"4","furniture_equipment",3148,"5","3","3","3","1","2","3",31,"3","2","2_to_3","3","2","2","2",0
"4",9,"2","repairs",3832,"5","5","1","3","1","4","1",64,"3","2","1","2","2","1","2",0
"4",9,"4","car_used",2406,"1","1","2","3","1","3","3",31,"3","2","1","4","2","1","2",0
"4",36,"2","furniture_equipment",2394,"5","3","4","2","1","4","3",25,"3","2","1","3","2","1","2",0
"4",21,"2","car_new",2476,"5","5","4","3","1","4","1",46,"3","2","1","4","2","2","2",0
"1",24,"2","car_new",2964,"5","5","4","3","1","4","4",49,"1","3","1","3","1","2","2",0
"1",12,"2","car_used",1262,"5","5","2","1","1","4","2",49,"3","2","1","2","2","2","2",0
"4",12,"2","travel",1542,"1","4","2","3","1","4","3",36,"3","2","1","3","2","2","2",0
"2",24,"4","furniture_equipment",1743,"1","5","4","3","1","2","2",48,"3","2","2_to_3","2","2","1","2",0
"3",12,"1","furniture_equipment",409,"4","3","3","2","1","3","1",42,"3","1","2_to_3","3","2","1","2",0
"4",12,"2","furniture_equipment",2171,"1","2","2","2","1","2","3",29,"1","2","1","3","2","1","2",0
"4",48,"4","car_new",8858,"5","4","2","3","1","1","4",35,"3","3","2_to_3","3","2","2","2",0
"2",24,"2","other",3512,"2","4","2","3","1","3","3",38,"1","2","2_to_3","3","2","2","2",0
"2",12,"2","furniture_equipment",1158,"3","3","3","1","1","1","3",26,"3","2","1","3","2","2","2",0
"4",24,"4","furniture_equipment",2684,"1","3","4","3","1","2","1",35,"3","2","2_to_3","2","2","1","2",0
"1",12,"2","furniture_equipment",1498,"1","3","4","2","1","1","3",23,"1","2","1","3","2","1","2",0
"4",30,"4","furniture_equipment",5954,"1","4","3","3","2","2","3",38,"3","2","1","3","2","1","2",0
"2",48,"1","travel",6416,"1","5","4","2","1","3","4",59,"3","1","1","3","2","1","2",1
"2",12,"4","car_used",3617,"1","5","1","3","1","4","3",28,"3","1","4_or_more","3","2","2","2",0
"4",12,"4","furniture_equipment",1291,"1","3","4","2","1","2","2",35,"3","2","2_to_3","3","2","1","2",0
"3",24,"4","travel",1275,"4","3","2","1","1","4","1",36,"3","2","2_to_3","3","2","2","2",0
"3",15,"2","repairs",392,"1","2","4","2","1","4","2",23,"3","1","1","3","2","2","2",0
"4",9,"4","other",2134,"1","3","4","3","1","4","3",48,"3","2","4_or_more","3","2","2","2",0
"4",30,"4","furniture_equipment",5771,"1","4","4","2","1","2","3",25,"3","2","2_to_3","3","2","1","2",0
"4",24,"4","travel",4526,"1","3","3","3","1","2","1",74,"3","2","1","4","2","2","2",0
"4",15,"4","car_used",2788,"1","4","2","2","2","3","3",24,"1","2","2_to_3","3","2","1","2",0
"3",36,"2","furniture_equipment",5848,"1","3","4","3","1","1","3",24,"3","2","1","3","2","1","2",0
"3",12,"2","furniture_equipment",1297,"1","3","3","4","1","4","1",23,"3","1","1","3","2","1","2",0
"4",12,"2","furniture_equipment",1963,"1","4","4","3","1","2","3",31,"3","1","2_to_3","4","1","2","2",0
"2",12,"4","car_new",1804,"2","2","3","3","1","4","2",44,"3","2","1","3","2","1","2",0
"4",18,"2","travel",1950,"1","4","4","3","1","1","3",34,"2","2","2_to_3","3","2","2","2",0
"4",48,"3","furniture_equipment",12749,"3","4","4","3","1","1","3",37,"3","2","1","4","2","2","2",0
"4",18,"4","other",1055,"1","2","4","2","1","1","2",30,"3","2","2_to_3","3","2","1","2",0
"4",30,"4","furniture_equipment",2831,"1","3","4","2","1","2","3",33,"3","2","1","3","2","2","2",0
"4",9,"2","travel",1449,"1","4","3","2","1","2","3",27,"3","2","2_to_3","3","2","1","2",0
"4",36,"2","travel",5742,"2","4","2","3","1","2","3",31,"3","2","2_to_3","3","2","2","2",0
"4",12,"2","other",2390,"5","5","4","3","1","3","3",50,"3","2","1","3","2","2","2",0
"4",24,"2","furniture_equipment",3430,"3","5","3","3","1","2","3",31,"3","2","1","3","1","2","2",0
"2",36,"2","repairs",2273,"1","4","3","3","1","1","3",32,"3","2","2_to_3","3","1","1","2",0
"3",21,"2","other",2923,"2","3","1","2","1","1","3",28,"1","2","1","4","2","2","2",0
"2",36,"2","repairs",3711,"5","3","2","4","1","2","3",27,"3","2","1","3","2","1","2",0
"2",48,"2","other",8487,"5","4","1","2","1","2","3",24,"3","2","1","3","2","1","2",0
"4",24,"2","other",2255,"5","2","4","3","1","1","2",54,"3","2","1","3","2","1","2",0
"4",18,"4","car_used",1817,"1","3","4","2","1","2","4",28,"3","2","2_to_3","3","2","1","2",0
"4",12,"2","furniture_equipment",2141,"2","4","3","3","1","1","4",35,"3","2","1","3","2","1","2",0
"4",48,"1","travel",3609,"1","3","1","2","1","1","1",27,"2","2","1","3","2","1","2",0
"4",30,"2","furniture_equipment",2333,"3","5","4","3","1","2","3",30,"1","2","1","4","2","1","2",0
"4",28,"1","car_new",7824,"5","2","3","3","3","4","1",40,"1","1","2_to_3","3","1","2","2",0
"1",24,"2","car_used",7721,"5","2","1","2","1","2","2",30,"3","2","1","3","2","2","1",0
"1",21,"2","other",3763,"5","4","2","3","2","2","1",24,"3","2","1","2","2","1","1",0
"1",12,"2","furniture_equipment",1107,"1","3","2","3","1","2","1",20,"3","1","1","4","1","2","2",0
"2",15,"2","furniture_equipment",1444,"5","2","4","3","1","1","2",23,"3","2","1","3","2","1","2",0
"2",48,"1","other",12169,"5","1","4","3","2","4","4",36,"3","3","1","4","2","2","2",0
"3",4,"2","other",1494,"5","2","1","3","1","2","1",29,"3","2","1","2","1","1","1",0
"1",24,"1","car_used",2828,"3","3","4","3","1","4","1",22,"2","2","1","3","2","2","2",0
"1",24,"1","car_used",2483,"3","3","4","3","1","4","1",22,"2","2","1","3","2","2","2",0
"3",6,"4","other",1299,"1","3","1","3","1","1","1",74,"3","2","4_or_more","1","1","1","1",0
"2",9,"2","other",1549,"5","2","4","3","1","2","1",35,"3","2","1","1","2","1","2",0
"3",10,"2","other",3949,"1","2","1","3","3","1","2",37,"3","2","1","2","1","1","2",0
"4",10,"2","car_new",2901,"5","2","1","2","1","4","1",31,"3","1","1","3","2","1","2",0
"1",47,"2","other",10722,"1","2","1","2","1","1","1",35,"3","2","1","2","2","2","2",0
"1",18,"1","furniture_equipment",1940,"1","2","3","3","2","4","4",36,"1","3","1","4","2","2","2",0
"3",30,"4","furniture_equipment",3656,"5","5","4","3","1","4","2",49,"2","2","2_to_3","2","2","1","2",0
"4",24,"3","car_new",4679,"1","4","3","3","1","3","3",35,"3","2","2_to_3","2","2","2","2",0
"1",18,"2","car_used",2659,"4","3","4","3","1","2","3",28,"3","2","1","3","2","1","2",0
"4",24,"4","furniture_equipment",1516,"4","3","4","2","1","1","1",43,"3","2","2_to_3","2","2","1","2",0
"1",18,"2","other",4380,"2","3","3","3","1","4","3",35,"3","2","1","2","1","2","2",0
"4",14,"3","other",802,"1","3","4","3","1","2","3",27,"3","2","2_to_3","2","2","1","2",0
"2",48,"1","travel",3566,"2","4","4","3","1","2","3",30,"3","2","1","3","2","1","2",0
"4",24,"2","furniture_equipment",1278,"1","5","4","3","1","1","1",36,"3","2","1","4","2","2","2",0
"4",39,"2","car_new",8588,"2","5","4","3","1","2","3",45,"3","2","1","4","2","2","2",0
"1",30,"2","car_new",3857,"1","3","4","1","1","4","2",40,"3","2","1","4","2","2","2",0
"1",24,"2","furniture_equipment",1603,"1","5","4","2","1","4","3",55,"3","2","1","3","2","1","2",0
"4",4,"2","car_used",601,"1","2","1","2","1","3","1",23,"3","1","1","2","1","1","2",0
"4",15,"4","furniture_equipment",1316,"3","3","2","4","1","2","2",47,"3","2","2_to_3","2","2","1","2",0
"4",60,"2","other",10366,"1","5","2","3","1","4","2",42,"3","2","1","4","2","2","2",0
"4",18,"2","travel",1568,"2","3","3","2","1","4","2",24,"3","1","1","2","2","1","2",0
"4",24,"3","car_used",4151,"2","3","2","3","1","3","2",35,"3","2","2_to_3","3","2","1","2",0
"2",15,"2","electronics_appliances",2631,"2","3","3","2","1","2","1",25,"3","2","1","2","2","1","2",0
"4",21,"2","car_new",5248,"5","3","1","3","1","3","3",26,"3","2","1","3","2","1","2",0
"2",18,"3","other",2899,"5","5","4","3","1","4","3",43,"3","2","1","3","1","1","2",0
"1",15,"3","car_used",3643,"1","5","1","2","1","4","2",27,"3","2","2_to_3","2","2","1","2",0
"1",10,"2","furniture_equipment",2315,"1","5","3","3","1","4","1",52,"3","2","1","2","2","1","2",0
"4",11,"4","other",1393,"1","2","4","2","1","4","3",35,"3","2","2_to_3","4","2","1","2",0
"3",10,"2","car_used",1275,"1","2","4","2","1","2","2",23,"3","2","1","3","2","1","2",0
"4",12,"2","furniture_equipment",1493,"1","2","4","2","1","3","3",34,"3","2","1","3","1","1","2",0
"4",22,"2","furniture_equipment",2675,"3","5","3","3","1","4","3",40,"3","2","1","3","2","1","2",0
"2",9,"2","furniture_equipment",2118,"1","3","2","3","1","2","1",37,"3","2","1","2","1","1","2",0
"4",12,"4","car_used",1258,"1","2","2","2","1","4","2",22,"3","1","2_to_3","2","2","1","2",0
"4",15,"1","furniture_equipment",1569,"2","5","4","3","1","4","3",34,"1","2","1","2","1","1","2",0
"4",6,"2","car_new",1236,"3","3","2","3","1","4","2",50,"3","1","1","3","2","1","2",0
"4",36,"3","car_used",7678,"3","4","2","2","1","4","3",40,"3","2","2_to_3","3","2","2","2",0
"4",6,"2","electronics_appliances",660,"3","4","2","4","1","4","1",23,"3","1","1","2","2","1","2",0
"4",24,"2","car_used",2835,"3","5","3","3","1","4","2",53,"3","2","1","3","2","1","2",0
"2",21,"4","travel",3652,"1","4","2","3","1","3","2",27,"3","2","2_to_3","3","2","1","2",0
"3",9,"2","furniture_equipment",1126,"2","5","2","1","1","4","1",49,"3","2","1","3","2","1","2",0
"3",6,"3","furniture_equipment",683,"1","2","2","2","1","1","2",29,"1","2","1","3","2","1","2",0
"3",12,"2","car_used",2251,"1","3","1","2","1","2","3",46,"3","2","1","2","2","1","2",0
"1",21,"2","furniture_equipment",3357,"4","2","4","2","1","2","3",29,"1","2","1","3","2","1","2",0
"4",6,"2","other",672,"1","1","1","2","1","4","1",54,"3","2","1","1","2","2","2",0
"1",6,"4","furniture_equipment",338,"3","5","4","3","1","4","3",52,"3","2","2_to_3","3","2","1","2",0
"4",9,"2","furniture_equipment",2697,"1","3","1","3","1","2","1",32,"3","2","1","3","1","1","2",0
"4",9,"2","other",2507,"3","5","2","3","1","4","4",51,"3","3","1","2","2","1","2",0
"4",15,"3","furniture_equipment",1478,"1","3","4","4","1","3","1",33,"1","2","2_to_3","3","2","1","2",0
"4",12,"4","repairs",3565,"5","2","2","3","1","1","2",37,"3","2","2_to_3","2","1","1","2",0
"4",6,"4","furniture_equipment",1898,"5","3","1","3","1","2","1",34,"3","2","2_to_3","2","1","1","2",0
"2",6,"3","travel",1449,"2","5","1","1","1","2","3",31,"1","2","2_to_3","3","1","1","2",0
"4",9,"2","car_used",2301,"2","2","2","2","1","4","2",22,"3","1","1","3","2","1","2",0
"4",6,"3","travel",1743,"2","3","1","3","1","2","1",34,"3","2","2_to_3","2","2","1","2",0
"2",12,"2","car_used",983,"4","2","1","2","1","4","1",19,"3","1","1","2","2","1","2",0
"3",24,"2","car_used",3749,"1","2","2","2","1","4","3",26,"3","2","1","3","2","1","2",0
"4",24,"2","other",1469,"2","5","4","4","1","4","1",41,"3","1","1","2","2","1","2",0
"1",6,"2","car_used",1374,"1","3","1","3","1","2","1",36,"1","2","1","2","2","2","2",0
"4",6,"1","other",783,"5","3","1","3","3","2","1",26,"2","2","1","2","1","1","2",0
"1",21,"2","furniture_equipment",2606,"1","2","4","2","1","4","2",28,"3","1","1","4","2","2","2",0
"4",54,"0","car_new",9436,"5","3","2","3","1","2","2",39,"3","2","1","2","1","1","2",0
"4",48,"4","car_new",2751,"5","5","4","3","1","3","3",38,"3","2","2_to_3","3","1","2","2",0
"2",24,"2","other",1201,"1","2","4","3","1","1","2",26,"3","2","1","3","2","1","2",0
"4",15,"2","car_new",1300,"5","5","4","3","1","4","4",45,"1","3","1","3","1","1","2",0
"4",24,"1","travel",1559,"1","4","4","3","1","4","3",40,"1","2","1","3","2","2","2",0
"4",15,"4","furniture_equipment",1360,"1","3","4","3","1","2","2",31,"3","2","2_to_3","3","2","1","2",0
"4",6,"0","other",1204,"2","3","4","3","1","1","4",35,"1","1","1","3","2","1","1",0
"4",10,"2","other",1597,"3","3","3","3","1","2","4",40,"3","1","1","2","1","1","1",0
"4",12,"2","furniture_equipment",2073,"2","3","4","2","2","2","1",28,"3","2","1","3","2","1","2",0
"4",11,"2","travel",2142,"4","5","1","1","1","2","1",28,"3","2","1","3","2","2","2",0
"1",10,"4","car_used",2132,"5","2","2","2","2","3","1",27,"3","1","2_to_3","3","2","1","1",0
"4",10,"2","other",1546,"1","3","3","3","1","2","1",31,"3","2","1","2","1","1","1",0
"4",24,"4","other",1287,"4","5","4","2","1","4","1",37,"3","2","2_to_3","3","2","2","2",0
"4",10,"2","other",1418,"2","3","3","3","1","2","1",35,"3","1","1","2","2","1","1",0
"4",24,"4","repairs",1927,"5","3","3","2","1","2","3",33,"3","2","2_to_3","3","2","2","2",0
"4",18,"4","furniture_equipment",2404,"1","3","2","2","1","2","3",26,"3","2","2_to_3","3","2","1","2",0
"4",22,"2","other",1283,"5","4","4","2","1","4","2",25,"3","1","1","3","2","1","2",0
"4",24,"3","other",717,"5","5","4","4","1","4","3",54,"3","2","2_to_3","3","2","2","2",0
"1",24,"2","car_used",1747,"1","2","4","3","2","1","2",24,"3","2","1","2","2","1","1",0
"1",10,"4","other",1038,"1","4","4","3","2","3","2",49,"3","2","2_to_3","3","2","2","2",0
"4",12,"2","car_new",1413,"4","4","3","3","1","2","2",55,"3","2","1","3","2","1","1",0
"4",30,"4","furniture_equipment",3077,"5","5","3","3","1","2","3",40,"3","2","2_to_3","3","1","2","2",0
"1",24,"1","car_new",3632,"1","3","1","2","3","4","3",22,"1","1","1","3","2","1","1",0
"4",9,"2","other",3577,"2","3","1","3","3","2","1",26,"3","1","1","3","1","1","1",0
"4",12,"4","other",682,"2","4","4","2","1","3","3",51,"3","2","2_to_3","3","2","2","2",0
"4",10,"2","furniture_equipment",1924,"1","3","1","3","1","4","2",38,"3","2","1","3","2","2","1",0
"4",10,"2","repairs",727,"3","5","4","3","1","4","4",46,"3","3","1","3","2","2","2",0
"3",10,"4","other",781,"1","5","4","3","1","4","4",63,"3","3","2_to_3","3","2","2","2",0
"4",12,"4","repairs",701,"1","3","4","3","1","2","3",32,"3","2","2_to_3","3","2","1","2",0
"4",10,"4","car_used",2069,"5","3","2","4","1","1","3",26,"3","2","2_to_3","3","2","1","1",0
"4",24,"2","other",1525,"4","4","4","2","1","3","3",34,"3","2","1","3","1","2","2",0
"4",48,"4","travel",7629,"5","5","4","1","1","2","3",46,"1","2","2_to_3","4","1","1","2",0
"1",12,"4","other",3499,"1","3","3","2","2","2","1",29,"3","2","2_to_3","3","2","1","2",1
"4",6,"2","furniture_equipment",1346,"2","5","2","3","1","4","4",42,"1","3","1","3","1","2","2",0
"4",36,"4","car_new",10477,"5","5","2","3","1","4","4",42,"3","3","2_to_3","3","2","1","2",0
"1",24,"2","car_new",2924,"1","3","3","3","3","4","4",63,"1","2","1","3","1","2","2",0
"4",10,"4","other",1231,"1","5","3","3","1","4","1",32,"3","2","2_to_3","2","1","1","1",0
"4",12,"4","other",1255,"1","5","4","3","1","4","1",61,"3","2","2_to_3","2","2","1","2",0
"4",6,"4","car_used",1221,"5","3","1","4","1","2","2",27,"3","2","2_to_3","3","2","1","2",0
"4",9,"2","car_used",1388,"1","3","4","2","1","2","1",26,"3","1","1","3","2","1","2",0
"4",12,"2","furniture_equipment",2279,"5","3","4","3","1","4","4",37,"3","3","1","3","2","2","2",0
"4",12,"0","car_used",2759,"1","5","2","3","1","4","2",34,"3","2","2_to_3","3","2","1","2",0
"3",24,"2","furniture_equipment",1258,"3","3","3","2","1","3","3",57,"3","2","1","2","2","1","2",0
"2",12,"0","travel",1410,"1","3","2","3","1","2","1",31,"3","2","1","2","2","2","2",0
"1",24,"2","car_used",3021,"1","3","2","1","1","2","1",24,"3","1","1","2","2","1","2",0
"1",24,"2","travel",6568,"1","3","2","4","1","2","3",21,"2","2","1","2","2","1","2",0
"4",24,"4","furniture_equipment",2578,"4","5","2","3","1","2","3",34,"3","2","1","3","2","1","2",0
"4",21,"3","car_used",1591,"2","4","4","3","1","3","1",34,"3","2","2_to_3","4","2","1","2",0
"1",27,"2","furniture_equipment",3416,"1","3","3","3","1","2","3",27,"3","2","1","4","2","1","2",0
"1",12,"0","electronics_appliances",1108,"1","4","4","3","1","3","1",28,"3","2","2_to_3","3","2","1","2",1
"2",27,"3","car_new",5965,"1","5","1","3","1","2","3",30,"3","2","2_to_3","4","2","2","2",0
"2",15,"2","electronics_appliances",1514,"2","3","4","3","3","2","1",22,"3","2","1","3","2","1","2",0
"4",30,"4","furniture_equipment",6742,"5","4","2","3","1","3","2",36,"3","2","2_to_3","3","2","1","2",0
"1",18,"2","car_used",3650,"1","2","1","2","1","4","3",22,"3","1","1","3","2","1","2",0
"1",21,"2","car_used",3599,"1","4","1","2","1","4","3",26,"3","1","1","2","2","1","2",0
"4",60,"4","other",13756,"5","5","2","3","1","4","4",63,"1","3","1","4","2","2","2",0
"2",9,"2","other",276,"1","3","4","4","1","4","1",22,"3","1","1","2","2","1","2",0
"2",9,"2","car_used",918,"1","3","4","2","1","1","2",30,"3","2","1","3","2","1","2",1
"3",10,"2","electronics_appliances",1225,"1","3","2","3","1","2","3",37,"3","2","1","3","2","2","2",0
"1",24,"2","car_new",2812,"5","5","2","2","1","4","1",26,"3","1","1","3","2","1","2",0
"3",12,"4","other",1480,"3","1","2","3","1","4","4",66,"1","3","4_or_more","1","2","1","2",0
"3",6,"4","repairs",1047,"1","3","2","2","1","4","2",50,"3","2","1","2","2","1","2",0
"4",15,"4","furniture_equipment",1471,"1","3","4","3","1","4","4",35,"3","3","2_to_3","3","2","2","2",0
"4",24,"2","car_used",5511,"2","3","4","3","1","1","3",25,"2","2","1","3","2","1","2",0
"2",9,"2","furniture_equipment",1206,"1","5","4","2","1","4","1",25,"3","2","1","3","2","1","2",0
"4",12,"3","car_new",1503,"1","3","4","4","1","4","1",41,"3","1","1","3","2","1","2",0
"2",27,"2","travel",2528,"1","2","4","2","1","1","2",32,"3","2","1","3","1","2","2",0
"2",12,"2","travel",1037,"2","4","3","3","1","4","1",39,"3","2","1","2","2","1","2",0
"1",6,"2","car_new",1352,"3","1","1","2","1","2","2",23,"3","1","1","1","2","2","2",0
"2",48,"2","business",5381,"5","1","3","3","1","4","4",40,"1","3","1","1","2","2","2",0
"4",15,"2","car_new",4657,"1","3","3","3","1","2","3",30,"3","2","1","3","2","2","2",0
"2",9,"2","travel",1391,"1","3","2","4","1","1","1",27,"1","2","1","3","2","2","2",0
"2",18,"2","travel",1913,"4","2","3","4","1","3","1",36,"1","2","1","3","2","2","2",0
"4",42,"2","furniture_equipment",7166,"5","4","2","4","1","4","2",29,"3","1","1","3","2","2","2",0
"4",24,"3","travel",2978,"5","3","4","3","1","4","1",32,"3","2","2_to_3","3","1","2","2",0
"4",12,"4","furniture_equipment",976,"5","5","4","3","1","4","3",35,"3","2","2_to_3","3","2","1","2",0
"4",24,"3","travel",2375,"3","3","4","3","1","2","3",44,"3","2","2_to_3","3","1","2","2",0
"4",12,"4","furniture_equipment",522,"3","5","4","3","1","4","2",42,"3","2","2_to_3","3","1","2","2",0
"4",28,"4","furniture_equipment",2743,"1","5","4","3","1","2","3",29,"3","2","2_to_3","3","2","1","2",0
"4",11,"4","furniture_equipment",1154,"2","1","4","2","1","4","1",57,"3","2","4_or_more","2","2","1","2",0
"4",24,"4","car_new",5804,"4","3","4","3","1","2","1",27,"3","2","2_to_3","3","2","1","2",0
"4",18,"4","furniture_equipment",1169,"5","3","4","3","1","3","2",29,"3","2","2_to_3","3","2","2","2",0
"4",12,"2","furniture_equipment",776,"1","3","4","4","1","2","1",28,"3","2","1","3","2","1","2",0
"2",11,"4","other",1322,"4","3","4","2","1","4","3",40,"3","2","2_to_3","3","2","1","2",0
"2",16,"4","other",1175,"1","1","2","3","1","3","3",68,"3","3","4_or_more","1","2","2","2",0
"4",15,"4","furniture_equipment",1829,"1","5","4","3","1","4","3",46,"3","2","2_to_3","3","2","2","2",0
"4",12,"4","furniture_equipment",717,"1","5","4","3","1","4","1",52,"3","2","4_or_more","3","2","1","2",0
"2",9,"4","repairs",1501,"1","5","2","2","1","3","3",34,"3","2","2_to_3","4","2","2","2",1
"2",9,"2","other",3195,"5","3","1","2","1","2","1",33,"3","2","1","2","2","1","2",0
"2",15,"4","travel",2326,"3","3","2","3","1","4","3",27,"1","2","1","3","2","1","2",0
"2",18,"4","travel",1887,"5","3","4","4","1","4","1",28,"1","2","2_to_3","3","2","1","2",0
"4",7,"3","furniture_equipment",846,"5","5","3","3","1","4","4",36,"3","3","1","3","2","1","2",0
"4",15,"4","repairs",1532,"2","3","4","2","1","3","3",31,"3","2","1","3","2","1","2",0
"4",6,"3","furniture_equipment",935,"1","3","3","2","1","2","1",24,"3","2","1","3","2","1","2",0
"1",27,"4","travel",2442,"1","5","4","3","1","4","3",43,"2","2","4_or_more","4","1","2","2",0
"2",18,"4","travel",3590,"1","1","3","4","1","3","3",40,"3","2","4_or_more","1","1","2","2",0
"1",39,"4","car_used",14179,"5","4","4","3","1","4","2",30,"3","2","2_to_3","4","2","2","2",0
"4",15,"2","furniture_equipment",1386,"5","3","4","4","1","2","1",40,"3","1","1","3","2","2","2",0
"4",12,"4","furniture_equipment",618,"1","5","4","3","1","4","1",56,"3","2","1","3","2","1","2",0
"4",12,"2","car_used",1574,"1","3","4","3","1","2","1",50,"3","2","1","3","2","1","2",0
"4",12,"2","furniture_equipment",886,"5","3","4","2","1","2","3",21,"3","2","1","3","2","1","2",0
"4",36,"2","car_new",4686,"1","3","2","3","1","2","4",32,"3","3","1","4","2","2","2",0
"2",12,"2","furniture_equipment",766,"3","3","4","3","1","3","1",66,"3","2","1","2","2","1","2",1
"1",20,"2","car_used",2212,"5","4","4","3","1","4","3",39,"3","2","1","3","2","2","2",0
"2",10,"2","other",7308,"1","1","2","3","1","4","4",70,"1","3","1","4","2","2","2",0
"2",24,"4","repairs",5743,"1","2","2","2","1","4","4",24,"3","3","2_to_3","3","2","2","2",0
"1",14,"2","other",3973,"1","1","1","3","1","4","4",22,"3","3","1","3","2","1","2",0
"2",60,"3","furniture_equipment",7418,"5","3","1","3","1","1","1",27,"3","2","1","2","2","1","2",0
"2",20,"3","business",2629,"1","3","2","3","1","3","3",29,"1","2","2_to_3","3","2","2","2",0
"2",18,"2","travel",1941,"4","3","4","3","1","2","2",35,"3","2","1","2","2","2","2",0
"2",24,"3","car_used",2333,"5","2","4","3","1","2","2",29,"1","2","1","2","2","1","2",0
"4",12,"2","car_new",2445,"5","2","2","4","1","4","3",26,"3","1","1","3","2","2","2",0
"2",20,"2","car_new",6468,"5","1","1","1","1","4","1",60,"3","2","1","4","2","2","2",0
"2",18,"4","car_used",7374,"1","1","4","3","1","4","2",40,"2","2","2_to_3","4","2","2","2",0
"1",28,"2","other",4006,"1","3","3","3","1","2","3",45,"3","2","1","2","2","1","2",1
"2",12,"2","other",7472,"5","1","1","2","1","2","1",24,"3","1","1","1","2","1","2",0
"2",12,"2","car_new",2028,"5","3","4","3","1","2","3",30,"3","2","1","3","2","1","2",0
"4",15,"2","other",5324,"3","5","1","2","1","4","4",35,"3","3","1","3","2","1","2",0
"4",12,"2","repairs",1393,"1","5","4","3","1","4","2",47,"1","2","4_or_more","3","1","2","2",0
"4",18,"2","car_used",1984,"1","3","4","3","1","4","4",47,"1","3","2_to_3","3","2","1","2",0
"4",24,"2","furniture_equipment",999,"5","5","4","3","1","2","3",25,"3","2","2_to_3","3","2","1","2",0
"4",36,"2","travel",7409,"5","5","3","3","1","2","2",37,"3","2","2_to_3","3","2","1","2",0
"4",15,"2","car_used",2186,"5","4","1","2","1","4","1",33,"1","1","1","2","2","1","2",0
"3",36,"2","furniture_equipment",4473,"1","5","4","3","1","2","3",31,"3","2","1","3","2","1","2",0
"4",24,"2","travel",937,"1","2","4","4","1","3","3",27,"3","2","2_to_3","2","2","1","2",0
"4",18,"2","car_used",3422,"1","5","4","3","1","4","2",47,"1","2","4_or_more","3","1","2","2",0
"4",24,"2","furniture_equipment",3105,"5","2","4","3","1","2","3",25,"3","2","2_to_3","3","2","1","2",0
"4",12,"4","repairs",2748,"1","5","2","2","1","4","4",57,"1","3","4_or_more","2","2","1","2",0
"4",27,"2","electronics_appliances",5190,"5","5","4","3","1","4","2",48,"3","2","4_or_more","3","1","2","2",0
"2",18,"2","car_used",3001,"1","4","2","2","1","4","1",40,"3","1","1","3","2","1","2",0
"4",24,"3","travel",3863,"1","3","1","3","1","2","4",32,"3","3","1","3","2","1","2",0
"4",12,"4","car_used",5801,"5","5","2","3","1","4","2",49,"3","1","1","3","2","2","1",0
"4",12,"4","car_used",1592,"4","4","3","2","1","2","2",35,"3","2","1","3","2","1","2",0
"4",12,"4","travel",1185,"1","3","3","2","1","2","1",27,"3","2","2_to_3","3","2","1","2",0
"4",18,"4","car_used",3780,"1","2","3","1","1","2","3",35,"3","2","2_to_3","4","2","2","2",0
"2",18,"4","car_used",3612,"1","5","3","2","1","4","2",37,"3","2","1","3","2","2","1",0
"4",12,"2","travel",1076,"1","3","2","4","1","2","1",26,"3","2","1","3","2","2","2",0
"4",18,"2","furniture_equipment",2051,"1","2","4","3","1","1","1",33,"3","2","1","3","2","1","2",0
"4",12,"4","car_used",3331,"1","5","2","3","1","4","2",42,"2","2","1","3","2","1","2",0
"1",18,"0","travel",3104,"1","4","3","3","1","1","2",31,"1","2","1","3","2","2","2",0
"4",24,"4","furniture_equipment",2611,"1","5","4","4","2","3","1",46,"3","2","2_to_3","3","2","1","2",0
"4",24,"2","furniture_equipment",1311,"2","4","4","4","1","3","2",26,"3","2","1","3","2","2","2",0
"4",24,"4","car_new",4042,"5","4","3","3","1","4","2",43,"3","2","2_to_3","3","2","2","2",0
"4",12,"4","other",926,"1","1","1","2","1","2","2",38,"3","2","1","1","2","1","2",0
"4",24,"4","other",2463,"2","4","4","4","1","3","2",27,"3","2","2_to_3","3","2","2","2",0
"4",24,"4","electronics_appliances",2058,"1","3","4","1","1","2","1",33,"3","2","2_to_3","3","2","2","2",0
"4",12,"4","furniture_equipment",1240,"5","5","4","2","1","2","1",38,"3","2","2_to_3","3","2","2","2",0
"4",24,"4","car_new",6842,"5","3","2","3","1","4","2",46,"3","2","2_to_3","4","1","2","2",0
"4",6,"4","other",2080,"3","3","1","4","1","2","3",24,"3","2","1","3","2","1","2",0
"4",6,"2","repairs",1538,"1","2","1","2","1","2","4",56,"3","2","1","3","2","1","2",0
"2",24,"4","other",3878,"2","2","4","1","1","2","3",37,"3","2","1","3","2","2","2",0
"2",30,"2","car_used",3832,"1","2","2","4","1","1","2",22,"3","2","1","3","2","1","2",0
"4",15,"2","other",3186,"4","4","2","2","1","3","3",20,"3","1","1","3","2","1","2",0
"2",24,"2","furniture_equipment",2896,"2","2","2","3","1","1","3",29,"3","2","1","3","2","1","2",0
"4",36,"2","repairs",1819,"1","3","4","3","1","4","4",37,"2","3","1","3","2","2","2",1
"4",24,"2","furniture_equipment",5943,"5","2","1","2","1","1","3",44,"3","2","2_to_3","3","2","2","2",1
"4",36,"4","car_used",7127,"1","2","2","2","1","4","2",23,"3","1","2_to_3","3","2","2","2",1
"4",36,"2","car_used",3349,"1","3","4","2","1","2","3",28,"3","2","1","4","2","2","2",1
"4",6,"2","furniture_equipment",518,"1","3","3","2","1","1","1",29,"3","2","1","3","2","1","2",0
"2",12,"4","car_new",1860,"1","1","4","3","1","2","3",34,"3","2","2_to_3","4","2","2","2",0
"2",12,"2","furniture_equipment",2930,"1","4","2","2","1","1","1",27,"3","2","1","3","2","1","2",0
"4",18,"2","furniture_equipment",1505,"1","3","4","3","1","2","4",32,"3","3","1","4","2","2","2",0
"4",18,"4","furniture_equipment",2238,"1","3","2","2","1","1","3",25,"3","2","2_to_3","3","2","1","2",0
"4",24,"4","car_new",2197,"5","4","4","3","1","4","3",43,"3","2","2_to_3","3","1","2","2",0
"3",12,"2","furniture_equipment",1881,"1","3","2","2","1","2","3",44,"3","1","1","2","2","2","2",0
"1",18,"4","furniture_equipment",1880,"1","4","4","4","1","1","2",32,"3","2","2_to_3","4","2","2","2",0
"1",18,"2","furniture_equipment",2389,"1","2","4","2","1","1","3",27,"2","2","1","3","2","1","2",0
"4",4,"4","other",3380,"1","4","1","2","1","1","1",37,"3","2","1","3","1","1","2",0
"4",4,"4","other",1455,"1","4","2","3","1","1","1",42,"3","2","4_or_more","2","1","1","2",0
"2",18,"0","car_used",3244,"1","3","1","2","1","4","3",33,"1","2","2_to_3","3","2","2","2",0
"2",9,"2","furniture_equipment",1670,"1","2","4","2","1","2","3",22,"3","2","1","3","2","2","2",1
"2",48,"2","furniture_equipment",3979,"5","4","4","3","1","1","3",41,"3","2","2_to_3","3","1","2","2",0
"4",4,"4","furniture_equipment",1544,"1","4","2","3","1","1","1",42,"3","2","4_or_more","2","1","1","2",0
"2",30,"2","furniture_equipment",1715,"5","3","4","2","1","1","3",26,"3","2","1","3","2","1","2",0
"3",10,"4","furniture_equipment",1347,"5","4","4","3","1","2","2",27,"3","2","2_to_3","3","2","2","2",0
"2",12,"2","other",1007,"4","3","4","4","1","1","1",22,"3","2","1","3","2","1","2",0
"4",12,"4","car_used",1402,"3","4","3","2","1","4","3",37,"3","1","1","3","2","2","2",0
"2",12,"2","other",2002,"1","4","3","3","1","4","2",30,"3","1","1","3","1","2","2",0
"4",12,"4","repairs",2096,"1","4","2","3","1","3","1",49,"3","2","1","2","1","1","2",0
"4",12,"2","other",1101,"1","3","3","4","1","2","1",27,"3","2","2_to_3","3","2","2","2",0
"2",11,"2","car_used",1577,"4","2","4","2","1","1","1",20,"3","2","1","3","2","1","2",0
"4",33,"3","travel",2764,"1","3","2","2","1","2","3",26,"3","2","2_to_3","3","2","2","2",0
"2",48,"0","other",8358,"3","2","1","2","1","1","3",30,"3","2","2_to_3","3","2","1","2",0
"4",24,"2","car_new",5433,"5","1","2","2","1","4","2",26,"3","1","1","4","2","2","2",0
"2",14,"2","travel",1410,"3","5","1","4","1","2","1",35,"3","2","1","3","2","2","2",0
"4",20,"4","other",3485,"5","2","2","1","1","4","1",44,"3","2","2_to_3","3","2","2","2",0
"4",18,"4","car_new",3850,"1","4","3","3","1","1","3",27,"3","2","2_to_3","3","2","1","2",0
"2",60,"2","other",7408,"2","2","4","2","1","2","2",24,"3","2","1","4","2","1","2",1
"3",24,"2","furniture_equipment",1377,"2","5","4","2","1","2","4",47,"3","3","1","3","2","2","2",0
"4",6,"4","other",362,"2","3","4","2","1","4","3",52,"3","2","2_to_3","2","2","1","2",0
"4",48,"2","furniture_equipment",10222,"5","4","4","3","1","3","3",37,"2","2","1","3","2","2","2",0
"3",12,"2","other",1330,"1","2","4","3","1","1","1",26,"3","2","1","3","2","1","2",0
"4",36,"2","repairs",9055,"5","3","2","3","1","4","4",35,"3","3","1","2","1","2","2",0
"2",26,"2","car_new",7966,"1","2","2","3","1","3","3",30,"3","2","2_to_3","3","2","1","2",0
"2",30,"1","car_used",3496,"4","3","4","3","1","2","3",34,"2","2","1","3","1","2","2",0
"2",36,"2","car_new",6948,"1","3","2","3","1","2","3",35,"3","1","1","4","2","2","2",0
"1",36,"2","car_used",3446,"1","5","4","3","1","2","3",42,"3","2","1","3","1","1","2",1
"1",42,"2","furniture_equipment",7174,"5","4","4","2","1","3","3",30,"3","2","1","4","2","2","2",1
"1",24,"1","furniture_equipment",1546,"1","4","4","3","3","4","3",24,"1","1","1","2","2","1","2",1
"4",24,"2","furniture_equipment",3621,"2","5","2","3","1","4","3",31,"3","2","2_to_3","3","2","1","2",1
"1",12,"2","electronics_appliances",741,"2","1","4","2","1","3","2",22,"3","2","1","3","2","1","2",1
"1",12,"2","car_used",7865,"1","5","4","3","1","4","4",53,"3","3","1","4","2","2","2",1
"1",24,"2","car_new",2910,"1","4","2","3","1","1","4",34,"3","3","1","4","2","2","2",0
"1",18,"4","other",5302,"1","5","2","3","1","4","4",36,"3","3","4_or_more","4","2","2","2",0
"1",36,"2","car_used",3620,"1","3","1","3","3","2","2",37,"3","2","1","3","1","1","2",0
"2",12,"2","car_used",3017,"1","2","3","2","1","1","1",34,"3","1","1","4","2","1","2",0
"1",12,"2","car_used",1657,"1","3","2","3","1","2","1",27,"3","2","1","3","2","1","2",0
"1",8,"4","business",1164,"1","5","3","3","1","4","4",51,"1","3","2_to_3","4","1","2","2",0
"1",24,"1","other",1193,"1","1","1","2","2","4","4",29,"3","1","2_to_3","1","2","1","2",1
"1",12,"2","car_used",708,"1","3","2","3","3","3","2",38,"3","2","1","2","1","1","2",0
"1",21,"4","other",571,"1","5","4","3","1","4","1",65,"3","2","2_to_3","3","2","1","2",0
"1",30,"2","furniture_equipment",2522,"1","5","1","3","3","3","2",39,"3","2","1","3","1","1","2",0
"1",36,"2","car_new",8229,"1","3","2","3","1","2","2",26,"3","2","1","3","1","1","2",1
"4",24,"4","car_used",2028,"1","4","2","3","1","2","2",30,"3","2","2_to_3","2","2","1","2",0
"1",6,"2","other",1374,"5","1","4","2","1","3","2",75,"3","2","1","4","2","2","2",0
"1",12,"2","car_used",1289,"1","3","4","3","3","1","2",21,"3","2","1","2","2","1","2",0
"1",36,"2","car_used",2712,"1","5","2","3","1","2","2",41,"1","2","1","3","1","1","2",1
"2",6,"3","car_used",1050,"1","1","4","3","1","1","2",35,"2","2","2_to_3","4","2","2","1",0
"1",6,"4","other",609,"1","4","4","2","1","3","2",37,"3","2","2_to_3","3","2","1","2",0
"2",12,"2","other",836,"2","2","4","2","1","2","2",23,"1","2","1","2","2","1","2",1
"1",12,"2","car_used",2577,"1","3","2","1","1","1","3",42,"3","2","1","3","2","1","2",0
"1",12,"2","car_used",1620,"1","3","2","2","2","3","2",30,"3","2","1","3","2","1","2",0
"1",24,"2","car_new",6579,"1","1","4","3","1","2","4",29,"3","3","1","4","2","2","2",0
"1",12,"2","other",1893,"1","3","4","2","3","4","2",29,"3","2","1","3","2","2","2",0
"1",30,"4","car_new",10623,"1","5","3","3","1","4","4",38,"3","3","4_or_more","4","1","2","2",0
"1",18,"2","other",2249,"2","4","4","3","1","3","3",30,"3","2","1","4","1","2","2",0
"1",30,"2","car_used",3108,"1","2","2","1","1","4","2",31,"3","2","1","2","2","1","2",1
"2",12,"4","other",958,"1","4","2","3","1","3","1",47,"3","2","2_to_3","2","1","1","2",0
"4",24,"2","car_new",9277,"5","3","2","1","1","4","4",48,"3","3","1","3","2","2","2",0
"4",24,"4","business",6314,"1","1","4","3","2","2","4",27,"1","2","2_to_3","4","2","2","2",0
"1",12,"2","car_used",3590,"1","3","2","3","2","2","2",29,"3","2","1","2","1","1","2",0
"1",24,"4","car_new",6615,"1","1","2","3","1","4","4",75,"3","3","2_to_3","4","2","2","2",0
"4",18,"4","furniture_equipment",1582,"4","5","4","3","1","4","3",46,"3","2","2_to_3","3","2","1","2",0
"4",6,"2","travel",1238,"5","1","4","3","1","4","2",36,"3","2","1","4","1","2","2",0
"1",12,"2","car_used",2578,"1","1","3","2","1","4","4",55,"3","3","1","4","2","1","2",0
"1",15,"4","car_used",1433,"1","3","4","2","1","3","2",25,"3","1","2_to_3","3","2","1","2",0
"1",42,"2","car_used",7882,"1","4","2","3","3","4","2",45,"3","3","1","3","1","1","2",0
"1",24,"2","car_used",4169,"1","3","4","3","1","4","2",28,"3","2","1","3","2","1","2",0
"1",36,"2","other",3249,"1","4","2","3","1","4","4",39,"1","3","1","4","1","2","2",0
"1",12,"4","car_used",2246,"1","5","3","3","1","3","2",60,"3","2","2_to_3","3","2","1","2",1
"1",13,"4","travel",1797,"1","2","3","3","1","1","2",28,"1","2","2_to_3","2","2","1","2",0
"1",20,"4","car_used",4272,"1","5","1","2","1","4","2",24,"3","2","2_to_3","3","2","1","2",0
"1",36,"4","car_used",2348,"1","3","3","4","1","2","2",46,"3","2","2_to_3","3","2","2","2",0
"1",24,"4","car_new",6419,"1","5","2","2","1","4","4",44,"3","3","2_to_3","4","1","2","2",0
"1",48,"4","car_new",6143,"1","5","4","2","1","4","4",58,"2","3","2_to_3","2","2","1","2",1
"4",24,"4","repairs",1597,"1","5","4","3","1","4","4",54,"3","3","2_to_3","3","1","1","2",0
"2",30,"3","travel",2503,"2","5","4","3","1","2","2",41,"2","2","2_to_3","3","2","1","2",0
"2",18,"2","travel",2622,"2","3","4","3","1","4","3",34,"3","2","1","3","2","1","2",0
"2",24,"2","car_used",4351,"5","3","1","2","1","4","2",48,"3","2","1","2","2","2","2",0
"2",6,"2","furniture_equipment",368,"5","5","4","3","1","4","2",38,"3","2","1","3","2","1","2",0
"4",24,"4","furniture_equipment",2424,"5","5","4","3","1","4","2",53,"3","2","2_to_3","3","2","1","2",0
"2",48,"3","travel",6681,"5","3","4","3","1","4","4",38,"3","3","1","3","1","2","2",0
"2",18,"3","travel",2427,"5","5","4","3","1","2","2",42,"3","2","2_to_3","3","2","1","2",0
"2",24,"4","furniture_equipment",1216,"2","2","4","3","1","4","4",38,"1","2","2_to_3","3","1","1","2",1
"2",6,"2","furniture_equipment",753,"1","3","2","2","3","3","1",64,"3","2","1","3","2","1","2",0
"2",7,"2","furniture_equipment",2576,"1","3","2","3","3","2","1",35,"3","2","1","3","2","1","1",0
"2",6,"2","furniture_equipment",590,"1","2","3","4","1","3","1",26,"3","2","1","2","2","1","1",0
"2",8,"2","furniture_equipment",1414,"1","3","4","3","3","2","1",33,"3","2","1","3","2","1","1",0
"2",12,"2","furniture_equipment",1103,"1","4","4","3","3","3","1",29,"3","2","2_to_3","3","2","1","2",0
"2",6,"2","furniture_equipment",1068,"1","5","4","3","1","4","3",28,"3","2","1","3","1","1","2",0
"1",8,"4","other",713,"1","5","4","3","1","4","1",47,"3","2","2_to_3","2","2","1","2",0
"2",7,"2","furniture_equipment",2329,"1","2","1","2","3","1","1",45,"3","2","1","3","2","1","2",0
"2",13,"4","furniture_equipment",882,"1","2","4","3","3","4","1",23,"3","2","2_to_3","3","2","1","2",0
"2",18,"2","furniture_equipment",866,"1","3","4","4","3","2","1",25,"3","2","1","2","2","1","2",0
"2",13,"2","furniture_equipment",2101,"1","2","2","2","3","4","2",23,"3","2","1","2","2","1","2",0
"2",18,"2","furniture_equipment",1301,"1","5","4","4","3","2","1",32,"3","2","1","2","2","1","2",0
"2",18,"2","furniture_equipment",1113,"1","3","4","2","3","4","1",26,"3","2","1","2","1","1","2",0
"2",8,"2","furniture_equipment",760,"1","4","4","2","3","2","1",44,"3","2","1","2","2","1","2",0
"2",12,"2","furniture_equipment",625,"1","2","4","4","3","1","1",26,"1","2","1","2","2","1","2",0
"3",6,"4","other",1323,"2","5","2","1","1","4","3",28,"3","2","2_to_3","3","1","2","2",0
"2",18,"4","furniture_equipment",1795,"1","5","3","2","3","4","1",48,"1","1","2_to_3","2","2","2","2",0
"2",10,"1","furniture_equipment",1048,"1","3","4","3","1","4","1",23,"2","2","1","2","2","1","2",0
"2",12,"2","furniture_equipment",1155,"1","5","3","4","3","3","1",40,"1","2","2_to_3","2","2","1","2",0
"2",20,"3","car_new",7057,"5","4","3","3","1","4","2",36,"1","1","2_to_3","4","1","2","2",0
"1",12,"2","furniture_equipment",2214,"1","3","4","3","1","3","2",24,"3","2","1","2","2","1","2",0
"2",36,"1","electronics_appliances",3990,"5","2","3","2","1","2","4",29,"1","2","1","1","2","1","2",0
"1",24,"2","furniture_equipment",1282,"2","3","4","2","1","2","3",32,"3","2","1","2","2","1","2",1
"4",60,"2","furniture_equipment",10144,"2","4","2","2","1","4","1",21,"3","2","1","3","2","2","2",0
"1",12,"2","other",1168,"1","3","4","4","1","3","1",27,"3","2","1","2","2","1","2",0
"2",6,"2","electronics_appliances",454,"1","2","3","4","1","1","2",22,"3","2","1","2","2","1","2",0
"4",15,"3","car_new",3594,"1","2","1","2","1","2","2",46,"3","2","2_to_3","2","2","1","2",0
"4",12,"2","car_used",1768,"1","3","3","3","1","2","1",24,"3","1","1","2","2","1","2",0
"4",60,"3","furniture_equipment",15653,"1","4","2","3","1","4","3",21,"3","2","2_to_3","3","2","2","2",0
"3",12,"3","other",2247,"1","3","2","2","1","2","3",36,"2","2","2_to_3","3","2","2","2",0
"4",24,"2","furniture_equipment",1413,"1","3","4","4","1","2","2",28,"3","2","1","3","2","1","2",0
"2",45,"4","car_new",4576,"2","1","3","3","1","4","3",27,"3","2","1","3","2","1","2",0
"1",24,"4","furniture_equipment",1231,"4","5","4","2","1","4","2",57,"3","1","2_to_3","4","2","2","2",0
"1",36,"2","car_new",8335,"5","5","3","3","1","4","4",47,"3","3","1","3","2","1","2",1
"2",36,"4","car_new",5800,"1","3","3","3","1","4","3",34,"3","2","2_to_3","3","2","2","2",0
"1",48,"1","travel",7685,"1","4","2","2","3","4","3",37,"3","1","1","3","2","1","2",1
"4",48,"4","repairs",6110,"1","3","1","3","1","3","4",31,"1","3","1","3","2","2","2",0
"4",24,"2","other",3757,"1","5","4","2","2","4","4",62,"3","3","1","3","2","2","2",0
"1",42,"4","electronics_appliances",3394,"1","1","4","3","2","4","3",65,"3","2","2_to_3","1","2","1","2",0
"4",9,"4","repairs",1244,"5","5","4","2","1","4","2",41,"3","1","2_to_3","2","2","1","2",0
"4",36,"0","electronics_appliances",2613,"1","3","4","3","1","2","3",27,"3","2","2_to_3","3","2","1","2",0
"1",48,"2","repairs",7476,"1","4","4","3","1","1","4",50,"3","3","1","4","2","2","2",0
"2",48,"3","repairs",6224,"1","5","4","3","1","4","4",50,"3","3","1","3","2","1","2",1
"3",15,"2","repairs",1905,"1","5","4","3","1","4","3",40,"3","1","1","4","2","2","2",0
"4",21,"3","car_new",2993,"1","3","3","3","1","2","1",28,"2","2","2_to_3","2","2","1","2",0
"1",24,"2","car_used",4020,"1","3","2","3","1","2","3",27,"2","2","1","3","2","1","2",0
"2",18,"2","car_new",2779,"1","3","1","4","1","3","3",21,"3","1","1","3","2","2","2",0
"4",21,"2","other",2782,"3","4","1","2","1","2","3",31,"1","2","1","4","2","1","2",0
"4",12,"2","other",1884,"1","5","4","3","1","4","3",39,"3","2","1","4","2","2","2",0
"4",36,"4","car_new",11054,"5","3","4","3","1","2","3",30,"3","2","1","4","2","2","2",0
"2",60,"3","furniture_equipment",9157,"5","3","2","3","1","2","4",27,"3","3","1","4","2","1","2",0
"2",42,"1","car_new",9283,"1","1","1","3","1","2","4",55,"1","3","1","4","2","2","2",0
"4",60,"2","other",6527,"5","3","4","3","1","4","4",34,"3","3","1","3","1","2","2",0
"1",15,"2","other",2511,"1","1","1","2","1","4","3",23,"3","1","1","3","2","1","2",0
"1",36,"2","car_new",5493,"1","5","2","3","1","4","4",42,"3","3","1","3","1","1","2",0
"4",18,"4","furniture_equipment",1149,"4","3","4","3","1","3","1",46,"3","2","2_to_3","3","2","1","2",0
"2",15,"2","electronics_appliances",1308,"1","5","4","3","1","4","3",38,"3","2","2_to_3","2","2","1","2",0
"4",12,"2","car_used",1736,"1","4","3","2","1","4","1",31,"3","2","1","2","2","1","2",0
"4",12,"2","furniture_equipment",3059,"4","4","2","1","1","4","1",61,"3","2","1","2","2","1","2",0
"1",24,"2","car_used",2996,"5","3","2","4","1","4","3",20,"3","2","1","3","2","1","2",1
"4",30,"4","car_new",7596,"5","5","1","3","1","4","3",63,"3","2","2_to_3","3","2","1","2",0
"4",24,"4","electronics_appliances",5507,"1","5","3","3","1","4","4",44,"3","3","2_to_3","3","2","1","2",0
"2",9,"2","repairs",1199,"1","4","4","2","1","4","2",67,"3","2","2_to_3","4","2","2","2",0
"2",6,"2","other",14555,"5","1","1","3","1","2","2",23,"3","2","1","1","2","2","2",1
"1",15,"0","other",950,"1","5","4","3","1","3","3",33,"3","1","2_to_3","3","1","1","2",1
"1",24,"4","other",1199,"1","5","4","3","1","4","3",60,"3","2","2_to_3","2","2","1","2",1
"2",36,"4","other",2820,"1","2","4","1","1","4","3",27,"3","2","2_to_3","3","2","1","2",1
"2",48,"2","furniture_equipment",3060,"1","4","4","3","1","4","1",28,"3","2","2_to_3","3","2","1","2",1
"1",18,"2","furniture_equipment",2600,"1","3","4","3","1","4","4",65,"3","3","2_to_3","3","2","1","2",1
"2",39,"4","furniture_equipment",4933,"1","4","2","3","3","2","1",25,"3","2","2_to_3","3","2","1","2",1
"2",9,"1","other",1437,"2","4","2","3","1","3","4",29,"3","2","1","3","2","1","2",1
"1",18,"2","electronics_appliances",1217,"1","3","4","4","1","3","1",47,"3","2","1","2","2","2","2",1
"1",36,"2","other",9271,"1","4","2","3","1","1","3",24,"3","2","1","3","2","2","2",1
"1",36,"3","travel",2145,"1","4","2","3","1","1","3",24,"3","2","2_to_3","3","2","2","2",1
"2",18,"3","car_used",4297,"1","5","4","1","1","3","4",40,"3","2","1","4","2","2","2",1
"1",6,"4","car_used",3384,"1","3","1","1","1","4","1",44,"3","1","1","4","2","2","2",1
"2",30,"4","car_used",8386,"1","4","2","3","1","2","2",49,"3","2","1","3","2","1","2",1
"1",24,"3","furniture_equipment",1024,"1","2","4","4","1","4","1",48,"2","2","1","3","2","1","2",1
"2",6,"1","repairs",433,"4","2","4","2","1","2","2",24,"1","1","1","3","1","1","2",1
"4",24,"2","furniture_equipment",2397,"3","5","3","3","1","2","3",35,"1","2","2_to_3","3","2","2","2",1
"2",6,"1","other",931,"2","2","1","2","1","1","2",32,"2","2","1","2","2","1","2",1
"2",15,"3","electronics_appliances",1512,"4","3","3","4","1","3","2",61,"2","2","2_to_3","3","2","1","2",1
"2",24,"0","travel",4241,"1","3","1","3","1","4","1",36,"3","2","4_or_more","2","2","2","2",1
"2",24,"4","car_used",4736,"1","2","2","2","1","4","3",25,"1","2","1","2","2","1","2",1
"3",15,"2","furniture_equipment",2327,"1","2","2","2","1","3","1",25,"3","2","1","2","2","1","2",1
"1",24,"1","car_used",6872,"1","2","2","1","1","1","2",55,"1","2","1","3","2","2","2",1
"2",36,"0","travel",1953,"1","5","4","3","1","4","4",61,"3","3","1","4","2","2","2",1
"3",18,"2","car_used",2864,"1","3","2","3","1","1","1",34,"3","2","1","2","1","1","2",1
"3",21,"4","repairs",2319,"1","2","2","1","1","1","3",33,"3","1","1","3","2","1","2",1
"1",24,"2","other",915,"5","5","4","2","1","2","3",29,"1","2","1","3","2","1","2",1
"3",24,"2","other",947,"1","4","4","3","1","3","4",38,"1","3","1","3","1","1","2",1
"1",24,"2","other",1381,"5","3","4","2","1","2","2",35,"3","2","1","3","2","1","2",1
"1",24,"2","other",1371,"5","3","4","2","1","4","1",25,"3","1","1","3","2","1","2",1
"2",18,"2","other",1042,"5","3","4","2","1","2","2",33,"3","2","1","3","2","1","2",1
"1",12,"2","other",900,"5","3","4","4","1","2","3",23,"3","2","1","3","2","1","2",1
"1",24,"2","other",1207,"1","2","4","2","1","4","2",24,"3","1","1","3","2","1","2",1
"2",18,"0","other",2278,"2","2","3","2","1","3","3",28,"3","2","2_to_3","3","2","1","2",1
"1",60,"3","travel",6836,"1","5","3","3","1","4","4",63,"3","2","2_to_3","3","2","2","2",1
"2",48,"2","travel",15672,"1","3","2","3","1","2","3",23,"3","2","1","3","2","2","2",1
"1",18,"2","furniture_equipment",3190,"1","3","2","2","1","2","1",24,"3","2","1","3","2","1","2",1
"2",9,"1","car_new",5129,"1","5","2","2","1","4","4",74,"1","3","1","4","1","2","2",1
"4",18,"3","car_used",1808,"1","4","4","2","1","1","1",22,"3","2","1","3","2","1","2",1
"3",10,"2","other",1240,"2","5","1","2","1","4","4",48,"3","3","1","2","1","1","2",1
"1",12,"2","other",759,"1","4","4","3","1","2","1",26,"3","2","1","3","2","1","2",1
"4",9,"2","car_used",1980,"1","2","2","2","2","2","3",19,"3","1","2_to_3","3","2","1","2",1
"2",48,"2","furniture_equipment",10961,"4","4","1","3","2","2","4",27,"1","2","2_to_3","3","2","2","2",1
"1",36,"3","repairs",6887,"1","3","4","3","1","3","2",29,"2","2","1","3","2","2","2",1
"1",24,"2","furniture_equipment",1938,"1","2","4","1","1","3","2",32,"3","2","1","3","2","1","2",1
"1",21,"2","furniture_equipment",1835,"1","3","3","2","1","2","1",25,"3","2","2_to_3","3","2","2","2",1
"1",12,"4","other",4843,"1","5","3","3","2","4","2",43,"3","1","2_to_3","3","2","2","2",1
"2",12,"2","electronics_appliances",639,"1","3","4","3","1","2","3",30,"3","2","1","3","2","1","2",1
"2",48,"2","furniture_equipment",5951,"1","3","2","2","1","2","1",22,"3","2","1","3","2","1","2",1
"2",36,"0","furniture_equipment",3804,"1","3","4","2","1","1","3",42,"3","2","1","3","2","2","2",1
"4",36,"3","furniture_equipment",4463,"1","3","4","3","1","2","3",26,"3","2","2_to_3","4","2","2","2",1
"4",36,"3","travel",7980,"5","2","4","3","1","4","3",27,"3","1","2_to_3","3","2","2","2",1
"3",36,"2","furniture_equipment",4210,"1","3","4","3","1","2","3",26,"3","2","1","3","2","1","2",1
"4",6,"2","car_used",4611,"1","2","1","2","1","4","2",32,"3","2","1","3","2","1","2",1
"2",24,"2","car_new",11560,"1","3","1","2","1","4","3",23,"3","1","2_to_3","4","2","1","2",1
"4",18,"0","travel",4165,"1","3","2","3","1","2","3",36,"2","2","2_to_3","3","1","1","2",1
"2",24,"2","car_used",4057,"1","4","3","1","1","3","3",43,"3","2","1","3","2","2","2",1
"4",18,"1","other",6458,"1","5","2","3","1","4","4",39,"1","2","2_to_3","4","1","2","2",1
"4",12,"2","other",1386,"3","3","2","2","1","2","2",26,"3","2","1","3","2","1","2",1
"1",36,"2","repairs",1977,"5","5","4","3","1","4","4",40,"3","2","1","4","2","2","2",1
"2",18,"4","car_used",1928,"1","2","2","3","1","2","1",31,"3","2","2_to_3","2","2","1","2",1
"4",12,"2","car_used",1123,"3","3","4","2","1","4","3",29,"3","1","1","2","2","1","2",1
"2",24,"2","business",11328,"1","3","2","3","2","3","3",29,"1","2","2_to_3","4","2","2","2",1
"2",24,"4","business",11938,"1","3","2","3","2","3","3",39,"3","2","2_to_3","4","1","2","2",1
"2",27,"4","furniture_equipment",2520,"3","3","4","3","1","2","2",23,"3","2","2_to_3","2","2","1","2",1
"2",60,"1","business",14782,"2","5","3","2","1","4","4",60,"1","3","2_to_3","4","2","2","2",1
"2",36,"2","furniture_equipment",2671,"2","3","4","2","2","4","4",50,"3","3","1","3","2","1","2",1
"2",36,"2","repairs",12612,"2","3","1","3","1","4","4",47,"3","3","1","3","1","2","2",1
"2",45,"2","furniture_equipment",3031,"2","3","4","3","3","4","2",21,"3","1","1","3","2","1","2",1
"1",12,"1","furniture_equipment",626,"1","3","4","2","1","4","1",24,"1","2","1","2","2","1","2",1
"2",24,"4","travel",1935,"1","5","4","1","1","4","1",31,"3","2","2_to_3","3","2","2","2",1
"4",18,"2","car_used",1533,"1","2","4","4","2","1","2",43,"3","2","1","2","1","1","2",1
"1",48,"2","other",3931,"1","4","4","3","1","4","4",46,"3","3","1","3","1","1","2",1
"1",24,"1","car_used",3349,"3","2","4","3","1","4","4",30,"3","3","1","3","1","2","2",1
"1",36,"2","furniture_equipment",2302,"1","3","4","1","1","4","3",31,"3","1","1","3","2","1","2",1
"1",42,"2","furniture_equipment",3965,"1","2","4","3","1","3","3",34,"3","2","1","3","2","1","2",1
"1",12,"2","furniture_equipment",727,"2","2","4","4","1","3","4",33,"3","2","1","2","2","2","2",1
"1",48,"2","travel",4308,"1","2","3","2","1","4","2",24,"3","1","1","3","2","1","2",1
"3",15,"4","furniture_equipment",1271,"5","3","3","3","1","4","4",39,"3","3","2_to_3","3","2","2","2",1
"2",36,"2","car_new",9398,"1","2","1","4","1","4","3",28,"3","1","1","4","2","2","2",1
"2",12,"2","car_used",951,"2","2","4","2","1","4","3",27,"1","1","4_or_more","3","2","1","2",1
"2",24,"2","other",1355,"1","2","3","2","1","4","3",25,"3","2","1","2","2","2","2",1
"4",36,"4","other",7855,"1","3","4","2","1","2","1",25,"2","2","2_to_3","3","2","2","2",1
"2",30,"4","other",4249,"1","1","4","4","1","2","3",28,"3","2","2_to_3","4","2","1","2",1
"1",48,"2","furniture_equipment",6758,"1","3","3","2","1","2","3",31,"3","2","1","3","2","2","2",1
"1",9,"2","furniture_equipment",1366,"1","2","3","2","1","4","2",22,"3","1","1","3","2","1","2",1
"1",24,"1","business",1358,"5","5","4","3","1","3","3",40,"2","2","1","4","2","2","2",1
"1",18,"2","car_used",2473,"1","1","4","3","1","1","3",25,"3","2","1","1","2","1","2",1
"3",9,"0","furniture_equipment",1337,"1","2","4","3","1","2","3",34,"3","2","2_to_3","4","2","2","2",1
"1",48,"2","other",7763,"1","5","4","3","1","4","4",42,"1","3","1","4","2","1","2",1
"2",48,"2","other",6560,"2","4","3","3","1","2","2",24,"3","2","1","3","2","1","2",1
"1",24,"2","other",3123,"1","2","4","2","1","1","2",27,"3","2","1","3","2","1","2",1
"1",36,"4","repairs",8065,"1","3","3","2","1","2","4",25,"3","2","2_to_3","4","2","2","2",1
"1",24,"2","furniture_equipment",2439,"1","2","4","2","1","4","1",35,"3","2","1","3","2","2","2",1
"2",60,"2","other",14027,"1","4","4","3","1","2","4",27,"3","2","1","4","2","2","2",1
"1",36,"4","car_new",9629,"1","4","4","3","1","4","3",24,"3","2","2_to_3","3","2","2","2",1
"2",24,"3","car_used",2064,"1","1","3","2","1","2","2",34,"3","2","1","4","2","2","2",1
"2",18,"2","car_new",12976,"1","1","3","2","1","4","4",38,"3","3","1","4","2","2","2",1
"4",21,"3","travel",2580,"3","2","4","3","1","2","1",41,"1","2","1","2","1","1","2",1
"2",27,"2","travel",3915,"1","3","4","3","1","2","3",36,"3","2","1","3","1","2","2",1
"4",10,"2","other",1309,"5","3","4","3","3","4","2",27,"3","2","1","2","2","1","2",1
"1",18,"0","car_used",3114,"1","2","1","2","1","4","2",26,"3","1","1","3","2","1","2",1
"1",18,"4","car_used",2124,"1","3","4","2","1","4","1",24,"3","1","2_to_3","3","2","1","2",1
"1",18,"1","car_used",1553,"1","3","4","3","1","3","3",44,"1","2","1","3","2","1","2",1
"1",30,"2","car_used",2406,"1","4","4","2","1","4","1",23,"3","1","1","3","2","1","2",1
"1",48,"0","car_used",7119,"1","3","3","3","1","4","4",53,"3","3","2_to_3","3","1","1","2",1
"1",12,"4","other",691,"1","5","4","3","1","3","2",35,"3","2","2_to_3","3","2","1","2",1
"1",42,"3","furniture_equipment",4370,"1","4","3","3","1","2","2",26,"1","2","2_to_3","3","1","2","2",1
"1",36,"1","car_used",2746,"1","5","4","3","1","4","3",31,"1","2","1","3","2","1","2",1
"1",24,"0","car_used",4110,"1","5","3","3","1","4","4",23,"1","1","2_to_3","3","1","1","2",1
"1",18,"2","car_used",2462,"1","3","2","3","1","2","3",22,"3","2","1","3","2","1","2",1
"1",12,"2","car_used",1282,"1","3","2","2","1","4","3",20,"3","1","1","3","2","1","2",1
"2",12,"0","car_used",2969,"1","2","4","2","1","3","2",25,"3","1","2_to_3","3","2","1","2",1
"1",48,"0","car_new",4605,"1","5","3","3","1","4","4",24,"3","3","2_to_3","3","1","1","2",1
"1",48,"4","car_new",6331,"1","5","4","3","1","4","4",46,"3","3","2_to_3","3","2","2","2",1
"1",24,"1","car_used",3552,"1","4","3","3","1","4","3",27,"1","2","1","3","2","1","2",1
"1",12,"1","other",697,"1","2","4","3","1","2","3",46,"1","2","2_to_3","3","2","2","2",1
"1",24,"2","other",1442,"1","4","4","2","1","4","3",23,"3","1","2_to_3","3","2","1","2",1
"1",27,"0","travel",5293,"1","1","2","3","1","4","2",50,"3","2","2_to_3","3","2","2","2",1
"1",21,"3","repairs",3414,"1","2","2","3","1","1","2",26,"2","2","2_to_3","3","2","1","2",1
"1",48,"2","car_new",10297,"1","4","4","3","1","4","4",39,"3","3","4_or_more","3","1","2","2",1
"2",48,"0","travel",14421,"1","3","2","3","1","2","3",25,"2","2","1","3","2","2","2",1
"1",12,"2","other",1274,"1","2","3","2","1","1","1",37,"1","2","1","2","2","1","2",1
"1",12,"2","other",1372,"1","4","2","1","1","3","3",36,"3","2","1","3","2","1","2",1
"1",16,"4","other",2625,"1","5","2","3","3","4","2",43,"3","1","1","3","2","2","1",1
"2",9,"2","car_used",959,"1","3","1","2","1","2","3",29,"1","2","1","3","2","1","2",1
"2",24,"2","other",1246,"1","2","4","3","1","2","1",23,"1","2","1","2","2","1","2",1
"2",36,"3","other",8086,"2","5","2","3","1","4","3",42,"2","2","4_or_more","4","2","2","2",1
"2",12,"2","other",888,"1","5","4","3","1","4","3",41,"1","2","1","2","1","1","2",1
"2",36,"2","other",12389,"5","3","1","3","1","4","4",37,"1","3","1","3","2","2","2",1
"1",12,"2","furniture_equipment",709,"1","5","4","3","1","4","1",57,"3","2","1","2","2","1","2",1
"2",15,"1","other",6850,"2","1","1","3","1","2","2",34,"2","2","1","4","1","2","2",1
"4",10,"2","car_used",2210,"1","3","2","3","1","2","1",25,"3","1","1","2","2","1","2",1
"4",30,"1","car_new",7485,"5","1","4","2","1","1","1",53,"1","2","1","4","2","2","2",1
"1",18,"1","other",1442,"1","4","4","3","1","4","4",32,"1","3","2_to_3","2","1","1","2",1
"2",45,"4","furniture_equipment",4746,"1","2","4","3","1","2","2",24,"1","2","2_to_3","2","2","1","2",1
"2",21,"2","travel",1188,"1","5","2","2","1","4","2",39,"3","2","1","3","1","1","2",1
"2",21,"2","travel",2767,"2","5","4","1","1","2","3",61,"3","1","2_to_3","2","2","1","2",1
"2",30,"2","car_used",3441,"2","3","2","2","2","4","3",21,"1","1","1","3","2","1","2",1
"2",30,"0","travel",4280,"2","3","4","2","1","4","3",26,"3","1","2_to_3","2","2","1","2",1
"2",24,"2","furniture_equipment",3092,"2","2","3","4","1","2","3",22,"3","1","1","3","2","2","2",1
"4",18,"2","other",6761,"5","3","2","3","1","4","3",68,"2","1","2_to_3","3","2","1","2",1
"2",12,"2","furniture_equipment",1331,"1","2","2","3","1","1","3",22,"3","2","1","3","2","1","2",1
"1",24,"2","car_used",3234,"1","2","4","2","1","4","1",23,"3","1","1","2","2","2","2",1
"2",48,"2","car_used",9960,"1","2","1","2","1","2","3",26,"1","2","1","3","2","2","2",1
"4",24,"3","travel",8648,"1","2","2","3","1","2","3",27,"1","2","2_to_3","3","2","2","2",1
"1",45,"2","furniture_equipment",1845,"1","3","4","3","1","4","4",23,"3","3","1","3","2","2","2",1
"1",21,"1","other",1647,"5","3","4","3","1","2","2",40,"1","2","2_to_3","2","1","1","2",1
"4",48,"2","travel",4844,"1","1","3","3","1","2","3",33,"3","1","1","4","2","2","2",1
"2",27,"0","travel",8318,"1","5","2","2","1","4","4",42,"2","3","2_to_3","4","2","2","2",1
"1",45,"0","travel",11816,"1","5","2","3","1","4","3",29,"3","1","2_to_3","3","2","1","2",1
"1",6,"2","repairs",448,"1","2","4","2","1","4","2",23,"3","2","1","3","2","1","2",1
"1",30,"2","electronics_appliances",11998,"1","2","1","1","1","1","4",34,"1","2","1","2","2","2","2",1
"1",6,"2","other",14896,"1","5","1","3","1","4","4",68,"1","2","1","4","2","2","2",1
"2",12,"2","car_used",2762,"5","5","1","2","1","2","2",25,"3","2","1","3","2","2","2",1
"1",12,"2","car_new",3386,"1","5","3","3","1","4","4",35,"3","3","1","3","2","2","2",1
"2",24,"2","furniture_equipment",2039,"1","2","1","4","1","1","2",22,"3","2","1","3","2","2","2",1
"4",18,"3","travel",2169,"1","3","4","4","1","2","3",28,"3","2","1","3","2","2","2",1
"2",48,"4","car_used",5096,"1","3","2","2","1","3","3",30,"3","2","1","4","2","2","2",1
"1",48,"2","furniture_equipment",6999,"1","4","1","4","3","1","1",34,"3","2","2_to_3","3","2","2","2",1
"1",14,"2","other",8978,"1","5","1","1","1","4","2",45,"3","2","1","4","2","2","1",1
"1",12,"2","furniture_equipment",674,"2","4","4","4","1","1","2",20,"3","2","1","3","2","1","2",1
"1",18,"2","other",976,"1","2","1","2","1","2","3",23,"3","2","1","2","2","1","2",1
"2",24,"2","other",2718,"1","3","3","2","1","4","2",20,"3","1","1","2","2","2","2",1
"2",24,"2","car_new",12579,"1","5","4","2","1","2","4",44,"3","3","1","4","2","2","2",1
"1",18,"2","car_new",7511,"5","5","1","3","1","4","2",51,"3","3","1","3","1","2","2",1
"1",18,"4","other",3966,"1","5","1","2","1","4","1",33,"1","1","4_or_more","3","2","2","2",1
"1",12,"0","furniture_equipment",6199,"1","3","4","3","1","2","2",28,"3","1","2_to_3","3","2","2","2",1
"1",24,"2","furniture_equipment",1987,"1","3","2","3","1","4","1",21,"3","1","1","2","1","1","2",1
"1",24,"2","other",2303,"1","5","4","3","2","1","1",45,"3","2","1","3","2","1","2",1
"4",21,"4","other",12680,"5","5","4","3","1","4","4",30,"3","3","1","4","2","2","2",1
"2",12,"2","furniture_equipment",6468,"5","1","2","3","1","1","4",52,"3","2","1","4","2","2","2",1
"1",30,"2","car_used",6350,"5","5","4","3","1","4","2",31,"3","2","1","3","2","1","2",1
