"checkings","credit_history","amount","duration","savings","property","purpose","other_installment_plans","employment_duration","foreign_worker","housing","personal_status_sex","other_debtors","credit_risk"
"1","4",2799,9,"1","1","other","3","3","2","1","3","1","0"
"1","4",2122,12,"1","1","other","3","3","1","1","3","1","0"
"1","4",2171,12,"1","2","other","1","3","1","2","3","1","0"
"1","4",1361,6,"1","1","other","3","2","1","2","3","1","0"
"4","4",1098,18,"1","3","furniture_equipment","3","1","2","2","2","1","0"
"1","4",3905,11,"1","1","other","3","3","2","1","3","1","0"
"1","4",6187,30,"2","3","car_new","3","4","2","1","4","1","0"
"1","2",2647,6,"3","1","furniture_equipment","3","3","2","1","3","1","0"
"1","4",3939,11,"1","1","other","3","3","2","2","3","1","0"
"2","4",2337,36,"1","1","furniture_equipment","3","5","2","2","3","1","0"
"4","4",7228,11,"1","2","other","3","3","2","2","3","1","0"
"1","4",3676,6,"1","1","other","3","3","2","1","3","1","0"
"2","4",3124,12,"1","1","other","1","2","2","2","3","1","0"
"2","3",4771,11,"1","2","furniture_equipment","3","4","2","2","3","1","0"
"1","2",652,12,"1","2","car_used","3","5","2","1","2","1","0"
"2","4",1154,9,"1","1","furniture_equipment","3","5","2","2","3","1","0"
"4","2",3556,15,"5","4","other","3","3","2","2","3","1","0"
"3","4",4796,42,"1","4","car_new","3","5","2","3","3","1","0"
"4","4",3535,36,"1","3","other","3","4","2","2","3","1","0"
"4","4",6614,36,"1","3","other","3","5","2","2","3","1","0"
"1","4",860,6,"1","4","other","3","5","2","2","2","1","0"
"1","2",1755,24,"1","1","business","3","5","2","2","2","3","0"
"4","4",1028,18,"1","1","other","3","3","2","2","2","1","0"
"2","2",1239,18,"5","4","repairs","3","3","2","3","3","1","0"
"1","2",1216,18,"1","3","other","3","2","2","1","2","1","1"
"4","4",1864,18,"2","1","repairs","3","3","2","2","2","1","1"
"4","2",640,12,"1","1","other","3","3","2","2","1","1","0"
"4","4",1224,9,"1","1","other","3","3","2","2","3","1","0"
"4","2",6313,24,"5","3","car_new","3","5","2","2","3","1","0"
"1","4",385,12,"1","1","furniture_equipment","3","4","2","2","2","1","0"
"4","4",1655,12,"1","1","furniture_equipment","3","5","2","2","3","1","0"
"1","2",1053,15,"1","1","furniture_equipment","3","2","1","2","4","1","0"
"4","2",3160,21,"5","2","furniture_equipment","3","5","2","2","3","1","0"
"4","4",1163,12,"3","1","other","3","3","2","2","3","1","0"
"4","2",2679,24,"1","4","car_new","3","2","2","2","2","1","0"
"4","4",3578,48,"5","1","furniture_equipment","3","5","2","2","3","1","0"
"1","3",1344,12,"1","1","other","3","3","2","2","3","1","0"
"4","4",1237,6,"2","2","furniture_equipment","3","3","2","2","2","1","0"
"4","2",3077,12,"1","3","furniture_equipment","3","3","2","2","3","1","0"
"4","2",2284,24,"1","3","furniture_equipment","3","4","2","2","3","1","0"
"4","3",2032,24,"1","4","other","3","5","2","3","3","1","0"
"4","2",2299,36,"3","3","furniture_equipment","3","5","2","2","3","1","0"
"1","4",1602,21,"1","3","other","3","5","2","2","4","1","0"
"4","2",1979,15,"5","3","furniture_equipment","3","5","2","2","3","1","0"
"4","4",3342,36,"5","3","furniture_equipment","3","5","2","2","3","1","0"
"2","2",5866,18,"2","3","other","3","3","2","2","3","1","0"
"4","3",4454,36,"1","1","furniture_equipment","3","3","2","2","2","1","0"
"2","4",1995,12,"2","3","other","3","2","2","2","3","1","0"
"2","2",2991,30,"5","3","furniture_equipment","3","5","2","2","2","1","0"
"2","0",4221,30,"1","3","travel","3","3","2","2","2","1","0"
"2","4",6361,18,"1","4","car_used","3","5","2","2","3","1","0"
"2","4",3573,12,"1","1","furniture_equipment","3","3","2","2","2","1","0"
"2","3",4455,36,"1","1","travel","2","3","2","2","1","1","1"
"1","2",2136,9,"1","1","car_used","3","3","2","2","3","1","0"
"2","4",5954,42,"1","1","travel","1","4","2","2","2","1","0"
"4","4",3777,24,"4","1","car_used","3","3","2","2","3","1","0"
"1","2",806,15,"1","2","travel","3","3","2","2","2","1","0"
"2","3",4712,24,"5","2","travel","1","3","2","2","3","1","0"
"2","3",7432,36,"1","2","other","3","3","2","1","2","1","0"
"4","4",1851,24,"1","3","furniture_equipment","3","4","2","2","4","3","0"
"4","2",1393,24,"1","1","other","3","3","2","2","3","3","0"
"4","2",1533,24,"1","3","furniture_equipment","2","2","2","2","2","1","0"
"4","4",2012,12,"5","3","repairs","3","4","2","2","2","1","0"
"1","2",3959,15,"1","2","other","3","3","2","2","2","1","1"
"1","2",428,6,"1","2","car_used","1","5","2","2","2","1","0"
"2","4",2366,12,"3","3","other","3","4","2","2","1","1","0"
"2","2",6260,18,"1","1","other","3","4","2","1","3","1","0"
"4","2",2603,24,"4","3","car_new","3","3","2","1","2","1","0"
"4","2",3062,24,"3","4","car_used","3","5","2","1","3","1","0"
"2","2",4795,36,"1","4","furniture_equipment","3","2","2","2","2","1","0"
"4","4",5842,36,"1","2","car_new","3","5","2","2","3","1","0"
"2","2",2063,6,"1","3","furniture_equipment","3","2","2","1","4","1","0"
"4","2",1213,15,"3","2","furniture_equipment","2","5","2","2","3","1","0"
"4","2",874,15,"5","1","electronics_appliances","3","2","2","2","2","1","0"
"3","2",2116,6,"1","1","car_used","3","3","2","2","3","1","0"
"4","2",1543,6,"4","1","car_used","3","3","2","2","1","1","0"
"2","2",1318,12,"4","1","other","3","5","2","2","3","1","0"
"1","1",2325,24,"2","3","other","1","4","2","2","3","1","0"
"2","4",932,6,"5","2","travel","3","4","2","2","2","1","0"
"3","4",3148,24,"5","3","furniture_equipment","3","3","2","2","3","1","0"
"4","2",3832,9,"5","1","repairs","3","5","2","2","3","1","0"
"4","4",2406,9,"1","3","car_used","3","1","2","2","3","1","0"
"4","2",2394,36,"5","3","furniture_equipment","3","3","2","2","2","1","0"
"4","2",2476,21,"5","1","car_new","3","5","2","2","3","1","0"
"1","2",2964,24,"5","4","car_new","1","5","2","3","3","1","0"
"4","2",1542,12,"1","3","travel","3","4","2","2","3","1","0"
"2","4",1743,24,"1","2","furniture_equipment","3","5","2","2","3","1","0"
"3","1",409,12,"4","1","furniture_equipment","3","3","2","1","2","1","0"
"4","2",2171,12,"1","3","furniture_equipment","1","2","2","2","2","1","0"
"4","4",8858,48,"5","4","car_new","3","4","2","3","3","1","0"
"2","2",1158,12,"3","3","furniture_equipment","3","3","2","2","1","1","0"
"4","4",2684,24,"1","1","furniture_equipment","3","3","2","2","3","1","0"
"4","4",5954,30,"1","3","furniture_equipment","3","4","2","2","3","2","0"
"2","1",6416,48,"1","4","travel","3","5","2","1","2","1","1"
"2","4",3617,12,"1","3","car_used","3","5","2","1","3","1","0"
"4","4",1291,12,"1","2","furniture_equipment","3","3","2","2","2","1","0"
"3","4",1275,24,"4","1","travel","3","3","2","2","1","1","0"
"3","2",392,15,"1","2","repairs","3","2","2","1","2","1","0"
"4","4",2134,9,"1","3","other","3","3","2","2","3","1","0"
"4","4",5771,30,"1","3","furniture_equipment","3","4","2","2","2","1","0"
"4","4",4526,24,"1","1","travel","3","3","2","2","3","1","0"
"4","4",2788,15,"1","3","car_used","1","4","2","2","2","2","0"
"3","2",5848,36,"1","3","furniture_equipment","3","3","2","2","3","1","0"
"3","2",1297,12,"1","1","furniture_equipment","3","3","2","1","4","1","0"
"4","2",1963,12,"1","3","furniture_equipment","3","4","2","1","3","1","0"
"2","4",1804,12,"2","2","car_new","3","2","2","2","3","1","0"
"4","3",12749,48,"3","3","furniture_equipment","3","4","2","2","3","1","0"
"4","4",1055,18,"1","2","other","3","2","2","2","2","1","0"
"4","4",2831,30,"1","3","furniture_equipment","3","3","2","2","2","1","0"
"4","2",1449,9,"1","3","travel","3","4","2","2","2","1","0"
"4","2",2390,12,"5","3","other","3","5","2","2","3","1","0"
"4","2",3430,24,"3","3","furniture_equipment","3","5","2","2","3","1","0"
"3","2",2923,21,"2","3","other","1","3","2","2","2","1","0"
"2","2",3711,36,"5","3","repairs","3","3","2","2","4","1","0"
"2","2",8487,48,"5","3","other","3","4","2","2","2","1","0"
"4","2",2255,24,"5","2","other","3","2","2","2","3","1","0"
"4","4",1817,18,"1","4","car_used","3","3","2","2","2","1","0"
"4","2",2141,12,"2","4","furniture_equipment","3","4","2","2","3","1","0"
"4","1",3609,48,"1","1","travel","2","3","2","2","2","1","0"
"4","2",2333,30,"3","3","furniture_equipment","1","5","2","2","3","1","0"
"4","1",7824,28,"5","1","car_new","1","2","2","1","3","3","0"
"1","2",7721,24,"5","2","car_used","3","2","1","2","2","1","0"
"1","2",3763,21,"5","1","other","3","4","1","2","3","2","0"
"1","2",1107,12,"1","1","furniture_equipment","3","3","2","1","3","1","0"
"2","2",1444,15,"5","2","furniture_equipment","3","2","2","2","3","1","0"
"2","1",12169,48,"5","4","other","3","1","2","3","3","2","0"
"3","2",1494,4,"5","1","other","3","2","1","2","3","1","0"
"3","4",1299,6,"1","1","other","3","3","1","2","3","1","0"
"2","2",1549,9,"5","1","other","3","2","2","2","3","1","0"
"3","2",3949,10,"1","2","other","3","2","2","2","3","3","0"
"1","2",10722,47,"1","1","other","3","2","2","2","2","1","0"
"1","1",1940,18,"1","4","furniture_equipment","1","2","2","3","3","2","0"
"3","4",3656,30,"5","2","furniture_equipment","2","5","2","2","3","1","0"
"4","3",4679,24,"1","3","car_new","3","4","2","2","3","1","0"
"1","2",2659,18,"4","3","car_used","3","3","2","2","3","1","0"
"4","4",1516,24,"4","1","furniture_equipment","3","3","2","2","2","1","0"
"1","2",4380,18,"2","3","other","3","3","2","2","3","1","0"
"4","3",802,14,"1","3","other","3","3","2","2","3","1","0"
"2","1",3566,48,"2","3","travel","3","4","2","2","3","1","0"
"4","2",1278,24,"1","1","furniture_equipment","3","5","2","2","3","1","0"
"4","2",8588,39,"2","3","car_new","3","5","2","2","3","1","0"
"1","2",3857,30,"1","2","car_new","3","3","2","2","1","1","0"
"1","2",1603,24,"1","3","furniture_equipment","3","5","2","2","2","1","0"
"4","2",601,4,"1","1","car_used","3","2","2","1","2","1","0"
"4","4",1316,15,"3","2","furniture_equipment","3","3","2","2","4","1","0"
"4","2",10366,60,"1","2","other","3","5","2","2","3","1","0"
"4","2",1568,18,"2","2","travel","3","3","2","1","2","1","0"
"2","2",2631,15,"2","1","electronics_appliances","3","3","2","2","2","1","0"
"4","2",5248,21,"5","3","car_new","3","3","2","2","3","1","0"
"2","3",2899,18,"5","3","other","3","5","2","2","3","1","0"
"1","3",3643,15,"1","2","car_used","3","5","2","2","2","1","0"
"1","2",2315,10,"1","1","furniture_equipment","3","5","2","2","3","1","0"
"3","2",1275,10,"1","2","car_used","3","2","2","2","2","1","0"
"4","2",1493,12,"1","3","furniture_equipment","3","2","2","2","2","1","0"
"4","2",2675,22,"3","3","furniture_equipment","3","5","2","2","3","1","0"
"4","4",1258,12,"1","2","car_used","3","2","2","1","2","1","0"
"4","1",1569,15,"2","3","furniture_equipment","1","5","2","2","3","1","0"
"4","2",1236,6,"3","2","car_new","3","3","2","1","3","1","0"
"4","3",7678,36,"3","3","car_used","3","4","2","2","2","1","0"
"4","2",660,6,"3","1","electronics_appliances","3","4","2","1","4","1","0"
"4","2",2835,24,"3","2","car_used","3","5","2","2","3","1","0"
"2","4",3652,21,"1","2","travel","3","4","2","2","3","1","0"
"3","2",1126,9,"2","1","furniture_equipment","3","5","2","2","1","1","0"
"3","3",683,6,"1","2","furniture_equipment","1","2","2","2","2","1","0"
"1","2",3357,21,"4","3","furniture_equipment","1","2","2","2","2","1","0"
"4","2",2697,9,"1","1","furniture_equipment","3","3","2","2","3","1","0"
"4","2",2507,9,"3","4","other","3","5","2","3","3","1","0"
"4","3",1478,15,"1","1","furniture_equipment","1","3","2","2","4","1","0"
"4","4",3565,12,"5","2","repairs","3","2","2","2","3","1","0"
"4","4",1898,6,"5","1","furniture_equipment","3","3","2","2","3","1","0"
"2","3",1449,6,"2","3","travel","1","5","2","2","1","1","0"
"4","2",2301,9,"2","2","car_used","3","2","2","1","2","1","0"
"4","3",1743,6,"2","1","travel","3","3","2","2","3","1","0"
"2","2",983,12,"4","1","car_used","3","2","2","1","2","1","0"
"3","2",3749,24,"1","3","car_used","3","2","2","2","2","1","0"
"4","2",1469,24,"2","1","other","3","5","2","1","4","1","0"
"1","2",1374,6,"1","1","car_used","1","3","2","2","3","1","0"
"4","1",783,6,"5","1","other","2","3","2","2","3","3","0"
"1","2",2606,21,"1","2","furniture_equipment","3","2","2","1","2","1","0"
"4","0",9436,54,"5","2","car_new","3","3","2","2","3","1","0"
"4","4",2751,48,"5","3","car_new","3","5","2","2","3","1","0"
"2","2",1201,24,"1","2","other","3","2","2","2","3","1","0"
"4","2",1300,15,"5","4","car_new","1","5","2","3","3","1","0"
"4","1",1559,24,"1","3","travel","1","4","2","2","3","1","0"
"4","4",1360,15,"1","2","furniture_equipment","3","3","2","2","3","1","0"
"4","0",1204,6,"2","4","other","1","3","1","1","3","1","0"
"4","2",1597,10,"3","4","other","3","3","1","1","3","1","0"
"4","2",2142,11,"4","1","travel","3","5","2","2","1","1","0"
"1","4",2132,10,"5","1","car_used","3","2","1","1","2","2","0"
"4","4",1287,24,"4","1","other","3","5","2","2","2","1","0"
"4","2",1418,10,"2","1","other","3","3","1","1","3","1","0"
"4","4",1927,24,"5","3","repairs","3","3","2","2","2","1","0"
"4","2",1283,22,"5","2","other","3","4","2","1","2","1","0"
"4","3",717,24,"5","3","other","3","5","2","2","4","1","0"
"1","2",1747,24,"1","2","car_used","3","2","1","2","3","2","0"
"1","4",1038,10,"1","2","other","3","4","2","2","3","2","0"
"4","2",1413,12,"4","2","car_new","3","4","1","2","3","1","0"
"4","4",3077,30,"5","3","furniture_equipment","3","5","2","2","3","1","0"
"1","1",3632,24,"1","3","car_new","1","3","1","1","2","3","0"
"4","2",3577,9,"2","1","other","3","3","1","1","3","3","0"
"4","4",682,12,"2","3","other","3","4","2","2","2","1","0"
"4","2",1924,10,"1","2","furniture_equipment","3","3","1","2","3","1","0"
"4","2",727,10,"3","4","repairs","3","5","2","3","3","1","0"
"3","4",781,10,"1","4","other","3","5","2","3","3","1","0"
"4","4",701,12,"1","3","repairs","3","3","2","2","3","1","0"
"4","4",2069,10,"5","3","car_used","3","3","1","2","4","1","0"
"4","2",1525,24,"4","3","other","3","4","2","2","2","1","0"
"4","4",7629,48,"5","3","travel","1","5","2","2","1","1","0"
"1","4",3499,12,"1","1","other","3","3","2","2","2","2","1"
"4","2",1346,6,"2","4","furniture_equipment","1","5","2","3","3","1","0"
"4","4",10477,36,"5","4","car_new","3","5","2","3","3","1","0"
"1","2",2924,24,"1","4","car_new","1","3","2","2","3","3","0"
"4","4",1231,10,"1","1","other","3","5","1","2","3","1","0"
"4","4",1221,6,"5","2","car_used","3","3","2","2","4","1","0"
"4","2",1388,9,"1","1","car_used","3","3","2","1","2","1","0"
"4","0",2759,12,"1","2","car_used","3","5","2","2","3","1","0"
"3","2",1258,24,"3","3","furniture_equipment","3","3","2","2","2","1","0"
"2","0",1410,12,"1","1","travel","3","3","2","2","3","1","0"
"1","2",3021,24,"1","1","car_used","3","3","2","1","1","1","0"
"1","2",6568,24,"1","3","travel","2","3","2","2","4","1","0"
"4","4",2578,24,"4","3","furniture_equipment","3","5","2","2","3","1","0"
"4","3",1591,21,"2","1","car_used","3","4","2","2","3","1","0"
"1","2",3416,27,"1","3","furniture_equipment","3","3","2","2","3","1","0"
"1","0",1108,12,"1","1","electronics_appliances","3","4","2","2","3","1","1"
"2","3",5965,27,"1","3","car_new","3","5","2","2","3","1","0"
"2","2",1514,15,"2","1","electronics_appliances","3","3","2","2","3","3","0"
"4","4",6742,30,"5","2","furniture_equipment","3","4","2","2","3","1","0"
"1","2",3599,21,"1","3","car_used","3","4","2","1","2","1","0"
"2","2",276,9,"1","1","other","3","3","2","1","4","1","0"
"3","2",1225,10,"1","3","electronics_appliances","3","3","2","2","3","1","0"
"1","2",2812,24,"5","1","car_new","3","5","2","1","2","1","0"
"3","4",1480,12,"3","4","other","1","1","2","3","3","1","0"
"3","4",1047,6,"1","2","repairs","3","3","2","2","2","1","0"
"4","2",5511,24,"2","3","car_used","2","3","2","2","3","1","0"
"2","2",1206,9,"1","1","furniture_equipment","3","5","2","2","2","1","0"
"4","3",1503,12,"1","1","car_new","3","3","2","1","4","1","0"
"2","2",2528,27,"1","2","travel","3","2","2","2","2","1","0"
"1","2",1352,6,"3","2","car_new","3","1","2","1","2","1","0"
"2","2",5381,48,"5","4","business","1","1","2","3","3","1","0"
"4","2",4657,15,"1","3","car_new","3","3","2","2","3","1","0"
"2","2",1391,9,"1","1","travel","1","3","2","2","4","1","0"
"2","2",1913,18,"4","1","travel","1","2","2","2","4","1","0"
"4","2",7166,42,"5","2","furniture_equipment","3","4","2","1","4","1","0"
"4","3",2978,24,"5","1","travel","3","3","2","2","3","1","0"
"4","4",976,12,"5","3","furniture_equipment","3","5","2","2","3","1","0"
"4","3",2375,24,"3","3","travel","3","3","2","2","3","1","0"
"4","4",522,12,"3","2","furniture_equipment","3","5","2","2","3","1","0"
"4","4",2743,28,"1","3","furniture_equipment","3","5","2","2","3","1","0"
"4","4",1154,11,"2","1","furniture_equipment","3","1","2","2","2","1","0"
"4","4",5804,24,"4","1","car_new","3","3","2","2","3","1","0"
"4","4",1169,18,"5","2","furniture_equipment","3","3","2","2","3","1","0"
"4","2",776,12,"1","1","furniture_equipment","3","3","2","2","4","1","0"
"2","4",1175,16,"1","3","other","3","1","2","3","3","1","0"
"4","4",717,12,"1","1","furniture_equipment","3","5","2","2","3","1","0"
"2","4",1501,9,"1","3","repairs","3","5","2","2","2","1","1"
"2","4",2326,15,"3","3","travel","1","3","2","2","3","1","0"
"2","4",1887,18,"5","1","travel","1","3","2","2","4","1","0"
"4","3",846,7,"5","4","furniture_equipment","3","5","2","3","3","1","0"
"4","4",1532,15,"2","3","repairs","3","3","2","2","2","1","0"
"4","3",935,6,"1","1","furniture_equipment","3","3","2","2","2","1","0"
"1","4",2442,27,"1","3","travel","2","5","2","2","3","1","0"
"2","4",3590,18,"1","3","travel","3","1","2","2","4","1","0"
"1","4",14179,39,"5","2","car_used","3","4","2","2","3","1","0"
"4","4",618,12,"1","1","furniture_equipment","3","5","2","2","3","1","0"
"4","2",1574,12,"1","1","car_used","3","3","2","2","3","1","0"
"4","2",886,12,"5","3","furniture_equipment","3","3","2","2","2","1","0"
"4","2",4686,36,"1","4","car_new","3","3","2","3","3","1","0"
"1","2",2212,20,"5","3","car_used","3","4","2","2","3","1","0"
"2","2",7308,10,"1","4","other","1","1","2","3","3","1","0"
"2","4",5743,24,"1","4","repairs","3","2","2","3","2","1","0"
"1","2",3973,14,"1","4","other","3","1","2","3","3","1","0"
"2","3",7418,60,"5","1","furniture_equipment","3","3","2","2","3","1","0"
"2","3",2629,20,"1","3","business","1","3","2","2","3","1","0"
"2","2",1941,18,"4","2","travel","3","3","2","2","3","1","0"
"2","3",2333,24,"5","2","car_used","1","2","2","2","3","1","0"
"4","2",2445,12,"5","3","car_new","3","2","2","1","4","1","0"
"2","2",6468,20,"5","1","car_new","3","1","2","2","1","1","0"
"2","4",7374,18,"1","2","car_used","2","1","2","2","3","1","0"
"1","2",4006,28,"1","3","other","3","3","2","2","3","1","1"
"2","2",7472,12,"5","1","other","3","1","2","1","2","1","0"
"2","2",2028,12,"5","3","car_new","3","3","2","2","3","1","0"
"4","2",5324,15,"3","4","other","3","5","2","3","2","1","0"
"4","2",1393,12,"1","2","repairs","1","5","2","2","3","1","0"
"4","2",1984,18,"1","4","car_used","1","3","2","3","3","1","0"
"4","2",999,24,"5","3","furniture_equipment","3","5","2","2","3","1","0"
"4","2",7409,36,"5","2","travel","3","5","2","2","3","1","0"
"4","2",2186,15,"5","1","car_used","1","4","2","1","2","1","0"
"3","2",4473,36,"1","3","furniture_equipment","3","5","2","2","3","1","0"
"4","2",937,24,"1","3","travel","3","2","2","2","4","1","0"
"4","2",3422,18,"1","2","car_used","1","5","2","2","3","1","0"
"4","2",3105,24,"5","3","furniture_equipment","3","2","2","2","3","1","0"
"4","4",2748,12,"1","4","repairs","1","5","2","3","2","1","0"
"2","2",3001,18,"1","1","car_used","3","4","2","1","2","1","0"
"4","3",3863,24,"1","4","travel","3","3","2","3","3","1","0"
"4","4",1592,12,"4","2","car_used","3","4","2","2","2","1","0"
"4","4",1185,12,"1","1","travel","3","3","2","2","2","1","0"
"4","4",3780,18,"1","3","car_used","3","2","2","2","1","1","0"
"2","4",3612,18,"1","2","car_used","3","5","1","2","2","1","0"
"4","2",2051,18,"1","1","furniture_equipment","3","2","2","2","3","1","0"
"4","4",3331,12,"1","2","car_used","2","5","2","2","3","1","0"
"1","0",3104,18,"1","2","travel","1","4","2","2","3","1","0"
"4","2",1311,24,"2","2","furniture_equipment","3","4","2","2","4","1","0"
"4","4",4042,24,"5","2","car_new","3","4","2","2","3","1","0"
"4","4",926,12,"1","2","other","3","1","2","2","2","1","0"
"4","4",2463,24,"2","2","other","3","4","2","2","4","1","0"
"4","4",2058,24,"1","1","electronics_appliances","3","3","2","2","1","1","0"
"4","4",1240,12,"5","1","furniture_equipment","3","5","2","2","2","1","0"
"4","4",6842,24,"5","2","car_new","3","3","2","2","3","1","0"
"4","2",1538,6,"1","4","repairs","3","2","2","2","2","1","0"
"2","4",3878,24,"2","3","other","3","2","2","2","1","1","0"
"2","2",3832,30,"1","2","car_used","3","2","2","2","4","1","0"
"4","2",3186,15,"4","3","other","3","4","2","1","2","1","0"
"2","2",2896,24,"2","3","furniture_equipment","3","2","2","2","3","1","0"
"4","2",1819,36,"1","4","repairs","2","3","2","3","3","1","1"
"4","2",5943,24,"5","3","furniture_equipment","3","2","2","2","2","1","1"
"4","4",7127,36,"1","2","car_used","3","2","2","1","2","1","1"
"4","2",518,6,"1","1","furniture_equipment","3","3","2","2","2","1","0"
"2","2",2930,12,"1","1","furniture_equipment","3","4","2","2","2","1","0"
"4","2",1505,18,"1","4","furniture_equipment","3","3","2","3","3","1","0"
"4","4",2238,18,"1","3","furniture_equipment","3","3","2","2","2","1","0"
"3","2",1881,12,"1","3","furniture_equipment","3","3","2","1","2","1","0"
"1","4",1880,18,"1","2","furniture_equipment","3","4","2","2","4","1","0"
"1","2",2389,18,"1","3","furniture_equipment","2","2","2","2","2","1","0"
"4","4",3380,4,"1","1","other","3","4","2","2","2","1","0"
"2","2",1670,9,"1","3","furniture_equipment","3","2","2","2","2","1","1"
"4","4",1544,4,"1","1","furniture_equipment","3","4","2","2","3","1","0"
"2","2",1715,30,"5","3","furniture_equipment","3","3","2","2","2","1","0"
"3","4",1347,10,"5","2","furniture_equipment","3","4","2","2","3","1","0"
"2","2",1007,12,"4","1","other","3","3","2","2","4","1","0"
"4","4",1402,12,"3","3","car_used","3","4","2","1","2","1","0"
"2","2",2002,12,"1","2","other","3","4","2","1","3","1","0"
"4","4",2096,12,"1","1","repairs","3","4","2","2","3","1","0"
"4","2",1101,12,"1","1","other","3","3","2","2","4","1","0"
"4","3",2764,33,"1","3","travel","3","3","2","2","2","1","0"
"2","0",8358,48,"3","3","other","3","2","2","2","2","1","0"
"4","2",5433,24,"5","2","car_new","3","1","2","1","2","1","0"
"2","2",1410,14,"3","1","travel","3","5","2","2","4","1","0"
"4","4",3485,20,"5","1","other","3","2","2","2","1","1","0"
"4","4",3850,18,"1","3","car_new","3","4","2","2","3","1","0"
"2","2",7408,60,"2","2","other","3","2","2","2","2","1","1"
"3","2",1377,24,"2","4","furniture_equipment","3","5","2","3","2","1","0"
"4","4",362,6,"2","3","other","3","3","2","2","2","1","0"
"3","2",1330,12,"1","1","other","3","2","2","2","3","1","0"
"2","2",7966,26,"1","3","car_new","3","2","2","2","3","1","0"
"2","1",3496,30,"4","3","car_used","2","3","2","2","3","1","0"
"2","2",6948,36,"1","3","car_new","3","3","2","1","3","1","0"
"1","2",3446,36,"1","3","car_used","3","5","2","2","3","1","1"
"1","2",7174,42,"5","3","furniture_equipment","3","4","2","2","2","1","1"
"1","1",1546,24,"1","3","furniture_equipment","1","4","2","1","3","3","1"
"1","2",741,12,"2","2","electronics_appliances","3","1","2","2","2","1","1"
"1","2",7865,12,"1","4","car_used","3","5","2","3","3","1","1"
"1","2",2910,24,"1","4","car_new","3","4","2","3","3","1","0"
"1","4",5302,18,"1","4","other","3","5","2","3","3","1","0"
"1","2",3620,36,"1","2","car_used","3","3","2","2","3","3","0"
"2","2",3017,12,"1","1","car_used","3","2","2","1","2","1","0"
"1","2",1657,12,"1","1","car_used","3","3","2","2","3","1","0"
"1","4",1164,8,"1","4","business","1","5","2","3","3","1","0"
"1","1",1193,24,"1","4","other","3","1","2","1","2","2","1"
"1","2",708,12,"1","2","car_used","3","3","2","2","3","3","0"
"1","4",571,21,"1","1","other","3","5","2","2","3","1","0"
"1","2",2522,30,"1","2","furniture_equipment","3","5","2","2","3","3","0"
"1","2",8229,36,"1","2","car_new","3","3","2","2","3","1","1"
"4","4",2028,24,"1","2","car_used","3","4","2","2","3","1","0"
"1","2",1374,6,"5","2","other","3","1","2","2","2","1","0"
"1","2",1289,12,"1","2","car_used","3","3","2","2","3","3","0"
"1","2",2712,36,"1","2","car_used","1","5","2","2","3","1","1"
"2","3",1050,6,"1","2","car_used","2","1","1","2","3","1","0"
"1","4",609,6,"1","2","other","3","4","2","2","2","1","0"
"2","2",836,12,"2","2","other","1","2","2","2","2","1","1"
"1","2",2577,12,"1","3","car_used","3","3","2","2","1","1","0"
"1","2",1620,12,"1","2","car_used","3","3","2","2","2","2","0"
"1","2",6579,24,"1","4","car_new","3","1","2","3","3","1","0"
"1","2",1893,12,"1","2","other","3","3","2","2","2","3","0"
"1","4",10623,30,"1","4","car_new","3","5","2","3","3","1","0"
"1","2",2249,18,"2","3","other","3","4","2","2","3","1","0"
"2","4",958,12,"1","1","other","3","4","2","2","3","1","0"
"4","2",9277,24,"5","4","car_new","3","3","2","3","1","1","0"
"4","4",6314,24,"1","4","business","1","1","2","2","3","2","0"
"1","2",3590,12,"1","2","car_used","3","3","2","2","3","2","0"
"1","4",6615,24,"1","4","car_new","3","1","2","3","3","1","0"
"4","4",1582,18,"4","3","furniture_equipment","3","5","2","2","3","1","0"
"1","2",2578,12,"1","4","car_used","3","1","2","3","2","1","0"
"1","2",7882,42,"1","2","car_used","3","4","2","3","3","3","0"
"1","2",4169,24,"1","2","car_used","3","3","2","2","3","1","0"
"1","2",3249,36,"1","4","other","1","4","2","3","3","1","0"
"1","4",2246,12,"1","2","car_used","3","5","2","2","3","1","1"
"1","4",1797,13,"1","2","travel","1","2","2","2","3","1","0"
"1","4",4272,20,"1","2","car_used","3","5","2","2","2","1","0"
"1","4",2348,36,"1","2","car_used","3","3","2","2","4","1","0"
"1","4",6419,24,"1","4","car_new","3","5","2","3","2","1","0"
"1","4",6143,48,"1","4","car_new","2","5","2","3","2","1","1"
"2","3",2503,30,"2","2","travel","2","5","2","2","3","1","0"
"2","2",2622,18,"2","3","travel","3","3","2","2","3","1","0"
"2","2",4351,24,"5","2","car_used","3","3","2","2","2","1","0"
"2","2",368,6,"5","2","furniture_equipment","3","5","2","2","3","1","0"
"4","4",2424,24,"5","2","furniture_equipment","3","5","2","2","3","1","0"
"2","3",6681,48,"5","4","travel","3","3","2","3","3","1","0"
"2","4",1216,24,"2","4","furniture_equipment","1","2","2","2","3","1","1"
"2","2",753,6,"1","1","furniture_equipment","3","3","2","2","2","3","0"
"2","2",2576,7,"1","1","furniture_equipment","3","3","1","2","3","3","0"
"2","2",590,6,"1","1","furniture_equipment","3","2","1","2","4","1","0"
"2","2",1414,8,"1","1","furniture_equipment","3","3","1","2","3","3","0"
"2","2",2329,7,"1","1","furniture_equipment","3","2","2","2","2","3","0"
"2","4",882,13,"1","1","furniture_equipment","3","2","2","2","3","3","0"
"2","2",2101,13,"1","2","furniture_equipment","3","2","2","2","2","3","0"
"2","2",1301,18,"1","1","furniture_equipment","3","5","2","2","4","3","0"
"2","2",760,8,"1","1","furniture_equipment","3","4","2","2","2","3","0"
"2","2",625,12,"1","1","furniture_equipment","1","2","2","2","4","3","0"
"3","4",1323,6,"2","3","other","3","5","2","2","1","1","0"
"2","4",1795,18,"1","1","furniture_equipment","1","5","2","1","2","3","0"
"2","1",1048,10,"1","1","furniture_equipment","2","3","2","2","3","1","0"
"2","3",7057,20,"5","2","car_new","1","4","2","1","3","1","0"
"1","2",2214,12,"1","2","furniture_equipment","3","3","2","2","3","1","0"
"2","1",3990,36,"5","4","electronics_appliances","1","2","2","2","2","1","0"
"1","2",1282,24,"2","3","furniture_equipment","3","3","2","2","2","1","1"
"4","2",10144,60,"2","1","furniture_equipment","3","4","2","2","2","1","0"
"1","2",1168,12,"1","1","other","3","3","2","2","4","1","0"
"2","2",454,6,"1","2","electronics_appliances","3","2","2","2","4","1","0"
"4","3",3594,15,"1","2","car_new","3","2","2","2","2","1","0"
"4","2",1768,12,"1","1","car_used","3","3","2","1","3","1","0"
"4","3",15653,60,"1","3","furniture_equipment","3","4","2","2","3","1","0"
"3","3",2247,12,"1","3","other","2","3","2","2","2","1","0"
"4","2",1413,24,"1","2","furniture_equipment","3","3","2","2","4","1","0"
"2","4",4576,45,"2","3","car_new","3","1","2","2","3","1","0"
"1","4",1231,24,"4","2","furniture_equipment","3","5","2","1","2","1","0"
"1","2",8335,36,"5","4","car_new","3","5","2","3","3","1","1"
"2","4",5800,36,"1","3","car_new","3","3","2","2","3","1","0"
"1","1",7685,48,"1","3","travel","3","4","2","1","2","3","1"
"4","2",3757,24,"1","4","other","3","5","2","3","2","2","0"
"1","4",3394,42,"1","3","electronics_appliances","3","1","2","2","3","2","0"
"4","4",1244,9,"5","2","repairs","3","5","2","1","2","1","0"
"4","0",2613,36,"1","3","electronics_appliances","3","3","2","2","3","1","0"
"1","2",7476,48,"1","4","repairs","3","4","2","3","3","1","0"
"2","3",6224,48,"1","4","repairs","3","5","2","3","3","1","1"
"3","2",1905,15,"1","3","repairs","3","5","2","1","3","1","0"
"4","3",2993,21,"1","1","car_new","2","3","2","2","3","1","0"
"1","2",4020,24,"1","3","car_used","2","3","2","2","3","1","0"
"2","2",2779,18,"1","3","car_new","3","3","2","1","4","1","0"
"4","2",2782,21,"3","3","other","1","4","2","2","2","1","0"
"4","2",1884,12,"1","3","other","3","5","2","2","3","1","0"
"4","4",11054,36,"5","3","car_new","3","3","2","2","3","1","0"
"2","3",9157,60,"5","4","furniture_equipment","3","3","2","3","3","1","0"
"2","1",9283,42,"1","4","car_new","1","1","2","3","3","1","0"
"4","2",6527,60,"5","4","other","3","3","2","3","3","1","0"
"1","2",5493,36,"1","4","car_new","3","5","2","3","3","1","0"
"4","4",1149,18,"4","1","furniture_equipment","3","3","2","2","3","1","0"
"2","2",1308,15,"1","3","electronics_appliances","3","5","2","2","3","1","0"
"4","2",1736,12,"1","1","car_used","3","4","2","2","2","1","0"
"4","2",3059,12,"4","1","furniture_equipment","3","4","2","2","1","1","0"
"1","2",2996,24,"5","3","car_used","3","3","2","2","4","1","1"
"4","4",5507,24,"1","4","electronics_appliances","3","5","2","3","3","1","0"
"2","2",1199,9,"1","2","repairs","3","4","2","2","2","1","0"
"2","2",14555,6,"5","2","other","3","1","2","2","3","1","1"
"1","0",950,15,"1","3","other","3","5","2","1","3","1","1"
"1","4",1199,24,"1","3","other","3","5","2","2","3","1","1"
"2","4",2820,36,"1","3","other","3","2","2","2","1","1","1"
"2","2",3060,48,"1","1","furniture_equipment","3","4","2","2","3","1","1"
"1","2",2600,18,"1","4","furniture_equipment","3","3","2","3","3","1","1"
"2","4",4933,39,"1","1","furniture_equipment","3","4","2","2","3","3","1"
"2","1",1437,9,"2","4","other","3","4","2","2","3","1","1"
"1","2",1217,18,"1","1","electronics_appliances","3","3","2","2","4","1","1"
"1","2",9271,36,"1","3","other","3","4","2","2","3","1","1"
"1","3",2145,36,"1","3","travel","3","4","2","2","3","1","1"
"2","3",4297,18,"1","4","car_used","3","5","2","2","1","1","1"
"1","4",3384,6,"1","1","car_used","3","3","2","1","1","1","1"
"1","3",1024,24,"1","1","furniture_equipment","2","2","2","2","4","1","1"
"2","1",433,6,"4","2","repairs","1","2","2","1","2","1","1"
"4","2",2397,24,"3","3","furniture_equipment","1","5","2","2","3","1","1"
"2","3",1512,15,"4","2","electronics_appliances","2","3","2","2","4","1","1"
"2","0",4241,24,"1","1","travel","3","3","2","2","3","1","1"
"3","2",2327,15,"1","1","furniture_equipment","3","2","2","2","2","1","1"
"1","1",6872,24,"1","2","car_used","1","2","2","2","1","1","1"
"2","0",1953,36,"1","4","travel","3","5","2","3","3","1","1"
"3","2",2864,18,"1","1","car_used","3","3","2","2","3","1","1"
"3","4",2319,21,"1","3","repairs","3","2","2","1","1","1","1"
"3","2",947,24,"1","4","other","1","4","2","3","3","1","1"
"1","2",1381,24,"5","2","other","3","3","2","2","2","1","1"
"1","2",1371,24,"5","1","other","3","3","2","1","2","1","1"
"1","2",900,12,"5","3","other","3","3","2","2","4","1","1"
"1","2",1207,24,"1","2","other","3","2","2","1","2","1","1"
"2","0",2278,18,"2","3","other","3","2","2","2","2","1","1"
"1","3",6836,60,"1","4","travel","3","5","2","2","3","1","1"
"2","2",15672,48,"1","3","travel","3","3","2","2","3","1","1"
"1","2",3190,18,"1","1","furniture_equipment","3","3","2","2","2","1","1"
"2","1",5129,9,"1","4","car_new","1","5","2","3","2","1","1"
"4","3",1808,18,"1","1","car_used","3","4","2","2","2","1","1"
"3","2",1240,10,"2","4","other","3","5","2","3","2","1","1"
"1","2",759,12,"1","1","other","3","4","2","2","3","1","1"
"4","2",1980,9,"1","3","car_used","3","2","2","1","2","2","1"
"2","2",10961,48,"4","4","furniture_equipment","1","4","2","2","3","2","1"
"1","3",6887,36,"1","2","repairs","2","3","2","2","3","1","1"
"1","2",1938,24,"1","2","furniture_equipment","3","2","2","2","1","1","1"
"1","2",1835,21,"1","1","furniture_equipment","3","3","2","2","2","1","1"
"1","4",4843,12,"1","2","other","3","5","2","1","3","2","1"
"2","2",639,12,"1","3","electronics_appliances","3","3","2","2","3","1","1"
"2","2",5951,48,"1","1","furniture_equipment","3","3","2","2","2","1","1"
"2","0",3804,36,"1","3","furniture_equipment","3","3","2","2","2","1","1"
"4","3",7980,36,"5","3","travel","3","2","2","1","3","1","1"
"3","2",4210,36,"1","3","furniture_equipment","3","3","2","2","3","1","1"
"4","2",4611,6,"1","2","car_used","3","2","2","2","2","1","1"
"2","2",11560,24,"1","3","car_new","3","3","2","1","2","1","1"
"4","0",4165,18,"1","3","travel","2","3","2","2","3","1","1"
"2","2",4057,24,"1","3","car_used","3","4","2","2","1","1","1"
"4","1",6458,18,"1","4","other","1","5","2","2","3","1","1"
"4","2",1386,12,"3","2","other","3","3","2","2","2","1","1"
"1","2",1977,36,"5","4","repairs","3","5","2","2","3","1","1"
"2","4",1928,18,"1","1","car_used","3","2","2","2","3","1","1"
"4","2",1123,12,"3","3","car_used","3","3","2","1","2","1","1"
"2","2",11328,24,"1","3","business","1","3","2","2","3","2","1"
"2","4",11938,24,"1","3","business","3","3","2","2","3","2","1"
"2","4",2520,27,"3","2","furniture_equipment","3","3","2","2","3","1","1"
"2","1",14782,60,"2","4","business","1","5","2","3","2","1","1"
"2","2",3031,45,"2","2","furniture_equipment","3","3","2","1","3","3","1"
"1","1",626,12,"1","1","furniture_equipment","1","3","2","2","2","1","1"
"2","4",1935,24,"1","1","travel","3","5","2","2","1","1","1"
"4","2",1533,18,"1","2","car_used","3","2","2","2","4","2","1"
"1","2",3931,48,"1","4","other","3","4","2","3","3","1","1"
"1","1",3349,24,"3","4","car_used","3","2","2","3","3","1","1"
"1","2",3965,42,"1","3","furniture_equipment","3","2","2","2","3","1","1"
"1","2",727,12,"2","4","furniture_equipment","3","2","2","2","4","1","1"
"1","2",4308,48,"1","2","travel","3","2","2","1","2","1","1"
"3","4",1271,15,"5","4","furniture_equipment","3","3","2","3","3","1","1"
"2","2",9398,36,"1","3","car_new","3","2","2","1","4","1","1"
"2","2",951,12,"2","3","car_used","1","2","2","1","2","1","1"
"4","4",7855,36,"1","1","other","2","3","2","2","2","1","1"
"2","4",4249,30,"1","3","other","3","1","2","2","4","1","1"
"1","2",6758,48,"1","3","furniture_equipment","3","3","2","2","2","1","1"
"1","2",1366,9,"1","2","furniture_equipment","3","2","2","1","2","1","1"
"1","1",1358,24,"5","3","business","2","5","2","2","3","1","1"
"1","2",2473,18,"1","3","car_used","3","1","2","2","3","1","1"
"3","0",1337,9,"1","3","furniture_equipment","3","2","2","2","3","1","1"
"1","2",7763,48,"1","4","other","1","5","2","3","3","1","1"
"1","2",3123,24,"1","2","other","3","2","2","2","2","1","1"
"1","4",8065,36,"1","4","repairs","3","3","2","2","2","1","1"
"1","2",2439,24,"1","1","furniture_equipment","3","2","2","2","2","1","1"
"2","2",14027,60,"1","4","other","3","4","2","2","3","1","1"
"1","4",9629,36,"1","3","car_new","3","4","2","2","3","1","1"
"2","3",2064,24,"1","2","car_used","3","1","2","2","2","1","1"
"2","2",12976,18,"1","4","car_new","3","1","2","3","2","1","1"
"4","3",2580,21,"3","1","travel","1","2","2","2","3","1","1"
"2","2",3915,27,"1","3","travel","3","3","2","2","3","1","1"
"1","0",3114,18,"1","2","car_used","3","2","2","1","2","1","1"
"1","4",2124,18,"1","1","car_used","3","3","2","1","2","1","1"
"1","1",1553,18,"1","3","car_used","1","3","2","2","3","1","1"
"1","2",2406,30,"1","1","car_used","3","4","2","1","2","1","1"
"1","0",7119,48,"1","4","car_used","3","3","2","3","3","1","1"
"1","4",691,12,"1","2","other","3","5","2","2","3","1","1"
"1","3",4370,42,"1","2","furniture_equipment","1","4","2","2","3","1","1"
"1","1",2746,36,"1","3","car_used","1","5","2","2","3","1","1"
"1","0",4110,24,"1","4","car_used","1","5","2","1","3","1","1"
"1","2",2462,18,"1","3","car_used","3","3","2","2","3","1","1"
"1","2",1282,12,"1","3","car_used","3","3","2","1","2","1","1"
"1","0",4605,48,"1","4","car_new","3","5","2","3","3","1","1"
"1","4",6331,48,"1","4","car_new","3","5","2","3","3","1","1"
"1","1",3552,24,"1","3","car_used","1","4","2","2","3","1","1"
"1","1",697,12,"1","3","other","1","2","2","2","3","1","1"
"1","2",1442,24,"1","3","other","3","4","2","1","2","1","1"
"1","0",5293,27,"1","2","travel","3","1","2","2","3","1","1"
"1","3",3414,21,"1","2","repairs","2","2","2","2","3","1","1"
"1","2",10297,48,"1","4","car_new","3","4","2","3","3","1","1"
"1","2",1372,12,"1","3","other","3","4","2","2","1","1","1"
"1","4",2625,16,"1","2","other","3","5","1","1","3","3","1"
"2","2",959,9,"1","3","car_used","1","3","2","2","2","1","1"
"2","2",1246,24,"1","1","other","1","2","2","2","3","1","1"
"2","2",888,12,"1","3","other","1","5","2","2","3","1","1"
"2","2",12389,36,"5","4","other","1","3","2","3","3","1","1"
"2","1",6850,15,"2","2","other","2","1","2","2","3","1","1"
"4","2",2210,10,"1","1","car_used","3","3","2","1","3","1","1"
"4","1",7485,30,"5","1","car_new","1","1","2","2","2","1","1"
"1","1",1442,18,"1","4","other","1","4","2","3","3","1","1"
"2","4",4746,45,"1","2","furniture_equipment","1","2","2","2","3","1","1"
"2","2",2767,21,"2","3","travel","3","5","2","1","1","1","1"
"2","2",3441,30,"2","3","car_used","1","3","2","1","2","2","1"
"4","2",6761,18,"5","3","other","2","3","2","1","3","1","1"
"2","2",1331,12,"1","3","furniture_equipment","3","2","2","2","3","1","1"
"1","2",3234,24,"1","1","car_used","3","2","2","1","2","1","1"
"2","2",9960,48,"1","3","car_used","1","2","2","2","2","1","1"
"4","3",8648,24,"1","3","travel","1","2","2","2","3","1","1"
"1","1",1647,21,"5","2","other","1","3","2","2","3","1","1"
"4","2",4844,48,"1","3","travel","3","1","2","1","3","1","1"
"1","0",11816,45,"1","3","travel","3","5","2","1","3","1","1"
"1","2",448,6,"1","2","repairs","3","2","2","2","2","1","1"
"1","2",11998,30,"1","4","electronics_appliances","1","2","2","2","1","1","1"
"1","2",14896,6,"1","4","other","1","5","2","2","3","1","1"
"2","2",2762,12,"5","2","car_used","3","5","2","2","2","1","1"
"1","2",3386,12,"1","4","car_new","3","5","2","3","3","1","1"
"2","2",2039,24,"1","2","furniture_equipment","3","2","2","2","4","1","1"
"4","3",2169,18,"1","3","travel","3","3","2","2","4","1","1"
"2","4",5096,48,"1","3","car_used","3","3","2","2","2","1","1"
"1","2",6999,48,"1","1","furniture_equipment","3","4","2","2","4","3","1"
"1","2",8978,14,"1","2","other","3","5","1","2","1","1","1"
"1","2",976,18,"1","3","other","3","2","2","2","2","1","1"
"2","2",2718,24,"1","2","other","3","3","2","1","2","1","1"
"2","2",12579,24,"1","4","car_new","3","5","2","3","2","1","1"
"1","2",7511,18,"5","2","car_new","3","5","2","3","3","1","1"
"1","4",3966,18,"1","1","other","1","5","2","1","2","1","1"
"1","2",1987,24,"1","1","furniture_equipment","3","3","2","1","3","1","1"
"1","2",2303,24,"1","1","other","3","5","2","2","3","2","1"
"4","4",12680,21,"5","4","other","3","5","2","3","3","1","1"
"2","2",6468,12,"5","4","furniture_equipment","3","1","2","2","3","1","1"
"1","2",6350,30,"5","2","car_used","3","5","2","2","3","1","1"
